	예문 1	변형 단어 1	예문 2	변형 단어 2	예문 3	변형 단어 3	예문 4	변형 단어 4	예문 5	변형 단어 5	예문 6	변형 단어 6
가증스럽다	친밀하다가도 이내 냉담해지는 그의 이중적인 면모가 가증스러웠다.	가증스러웠다	그녀는 그의 가증스러운 태도에 경악했다.	가증스러운	가증스럽게 굴지 마. 역겨우니까.	가증스럽게	가증스러운 사람들을 마주하고 있으면 온몸에 벌레가 기어다니는 것 같다.	가증스러운	나를 곤경에 몰아놓고서는 이런 일도 있다며 가증스럽게 웃었다. 	가증스럽게	사람 좋은 척은 다 하는 그의 모습이 가증스러웠다. 	가증스러웠다
개탄하다	개국 공신 가문이라는 위대한 역사 뒤에 숨겨진 패악에 그녀는 개탄했다.	개탄했다	한데 모인 이기심에 개탄하니 나는 함께하지 않겠소.	개탄하니	그녀는 그제서야 보이는 눈 앞의 현실에 대해 개탄을 금치 못했다.	개탄	호기롭게 도전하였으나 개탄을 금치 못하며 떠나가는 사람이 반이었다. 	개탄	현자는 눈 앞의 상황에 개탄하여 침묵을 이어나갔다.	개탄하여	아들의 어리석은 잘못을 본 부모는 크게 개탄했다. 	개탄했다
괘씸하다	어떠한 의무 없이 권리만을 주장하는 그가 괘씸했다.	괘씸했다	그는 나의 식사 여부나 일상 따위를 누구보다도 궁금해했다. 괘씸한 침범이자 설렘이었다. 	괘씸한	괘씸하게도 노력의 결과는 나를 충족시키지 않았다.	괘씸하게도	예의라고는 없이 멋대로 구는 꼴이 괘씸했다.	괘씸했다	괘씸한 제자여도 어쩌겠어요. 제 첫 제자인데.	괘씸한	그토록 헌신하였으나 괘씸하게도 돌아오는 것은 없었다. 	괘씸하게도
비탄하다	생전에 저지른 자신의 만행에 그는 비탄에 잠겼다.	비탄에 잠겼다.	그 용사는 조용히 검을 바닥에 내려놓고 비탄하는 유가족을 위로했다.	비탄하는	제 몸처럼 여겼던 연인의 부재에 비탄하며 무너졌다. 	비탄하며	자신의 한계에 비탄하며 절망했다.	비탄하며	깊은 비탄에 잠겨 눈물만이 흘렀다.	비탄	비탄하는 목소리 뒤에 깔린 얕은 위로가 든든했다.	비탄하는
비통하다	역사가 나를 날조할지라도, 비통하여 기록한다. 나는 나만의 방식으로 내 나라를 위했다.	비통하여	황제는 비통한 목소리로 제 2황자의 죽음을 알렸다. 	비통한	비통한 얼굴이 거울 속에 자리잡고 있었다.	비통한	용사는 자신의 운명을 비통하게 받아들여야만 했다.	비통하게	제 나라에게조차 환영받지 못하는 비통한 처지라니.	비통한	내 비통함을 잊지 말아주세요	비통함
뼈아프다	당신이 나에게 준 것들이 사랑이 아니었다는 것을 뼈아프게 알았다.	뼈아프게	차마 꺼내기도 조심스러운 뼈아픈 후회를 마지막으로 남긴다. 	뼈아픈	그렇게 뼈아픈 사랑이 끝났다.	뼈아픈	여러 번 실패를 거듭하고서야 나의 부족함을 뼈아프게 알았다.	뼈아프게	내 절절하고도 뼈아픈 그리움의 대상은 나의 과거일 뿐이었다.	뼈아픈	뼈아픈 마음을 뒤로 하고 길을 나섰다.	뼈아픈
밉다	나에게 희망만을 심어주고 사라진 당신이 미워.	미워	미운 오리도 가족은 있었을텐데.	미운	아무리 표독스럽고 밉게 굴어도 미워할 수 없는 사람이 있어요	밉게	그저 미운 사람이 당신도 있지 않나요?	미운	강렬하게 미운 마음을 가지고 있다간 모든 걸 미워하게 될 거예요.	미운	평소와 같은 다정한 행동도 밉게 보였다.	밉게
원통하다	무엇보다도 그 자리에서 말문이 막혀 서 있는게 고작이었던 것이 가장 원통했다.	원통했다	내 친구는 헛소문에 질식해 죽었다. 이토록 원통한 죽음이 있을까.	원통한	당신은 나에게 원통함이라는 진득한 감정만 줬어요.	원통함	당신의 어리석음이 나라를 망치지 않았으면 하는 원통한 마음으로 간언합니다.	원통한	돈이 모자라 빈손으로 돌아가는 것이 원통한 모양이었다.	원통한	생전에는 고민할 시간도 없었어요, 하며 웃는 모습조차 원통하게 보였다.	원통하게
애통하다	애통하게도 그게 내가 15살 때 겪은 비극이었어.	애통하게	아무리 칭송하는 영웅이었다 한들, 그의 사망은 애통한 일입니다. 	애통한	당신 떠나는 길에 애통하는 이 하나 없음을 억울해하지 말아 	애통하는	애통한 마음을 눌러담아 글을 적기 시작했다.	애통한	애통하는 마음을 안고서 살아가야만 했다. 	애통하는	자만에 빠진 그에게는 애통하게도 자신의 말만 들리는 듯 했다.	애통하게도
역겹다	이익만을 좇아 누군가를 폄하하는 인간은 역겹다. 	역겹다	어디서 역겨운 냄새 나지 않아요? 비천한 출신은 감춰도, 냄새는 감추기 힘들죠. 	역겨운	내가 있을 만한 곳이 아니야, 스스로가 역겹게 느껴질 때 쯤에서야 자리에서 일어났다.	역겹게	자신을 상품처럼 대하는 것이 몹시도 역겨웠다.	역겨웠다	역겨운 눈초리가 그에게로 향했다.	역겨운	평소와 같은 태도도 한층 더 역겹게 느껴졌다.	역겹게
열등감	뭐든 쉬웠을 그 애를 보면 나는 일종의, 무력감, 아니, 열등감을 느꼈다. 	열등감을 느꼈다.	민하는 수영선수였다. 내 친구는 물에 빠지지 않았다, 깊은 열등감에 빠져 익사했다. 	열등감에 빠져	질투나서 미치겠어요, 돌아버리겠다고요! 열등감이든 뭐든 나를 사로잡았음은 분명합니다. 그리고 전 뭐든 놓을 생각이 없어요.	열등감	똘똘뭉쳐 단단해진 열등감이 속내에 자리잡고 있었다. 	열등감	열등감에 사로잡혀 주변의 조언을 도무지 듣지 않았다.	열등감	적당한 열등감은 때로는 변화의 시작이 되기도 한다.	열등감
자기 혐오	네가 이전에는 겪어보지 못했을 격하고 거친 감정이겠지, 그게 바로 자기 혐오라는 거야. 	자기 혐오	자기 혐오는 새벽 3시에 찾아온다. 잠들면 지나가고, 깨어있으면 복잡한 그 때에.	자기 혐오	자살이 아닙니다. 자기 혐오가 내 살인의 근거예요. 	자기 혐오	자기 혐오는 완벽주의자들에게서 더욱 도드라진다.	자기 혐오	지금껏 시간을 낭비하기만 했다는 자기 혐오가 방 한구석에서 피어올랐다.	자기 혐오	최선을 다해 임하지 않은 스스로가 부끄러워 이후 심한 자기 혐오가 생겼다. 	자기 혐오
적의	뚜렷한 적의가 나를 관통했다.	적의	일말의 원망도, 적의도 담기지 않은 눈동자는 한없이 공허했다. 	적의	시간에 대한 적의, 구인류는 그 광기에 사로잡혔었던 게 분명하다니까.	적의	적의를 품고 거칠게 숨을 내쉬며 다가오는 모습에서 공포를 느꼈다. 	적의	적의가 가득한 눈빛으로 나를 바라보았다.	적의	적의가 가득한 질문에 친절히 답해줄 이유는 없었다.	적의
통한	그 아비는 자신의 잘못과 떠나버린 배우자의 빈자리에 통한했다.	통한했다	통한의 눈물이 볼을 타고 흘렀다. 	통한	역사는 승자에 의해 적혀지고 사망자는 숫자가 될 뿐이다. 생존자에게는 참으로 통한한 일이었다. 	통한한	그 죄수는 과거의 잘못에 대해 깊이 통한했다. 	통한했다	통한의 절규가 산을 쩌렁쩌렁하게 만들었다. 	통한	오랜만의 축제는 나의 통한함을 잠깐이나마 잊게 해 주었다. 	통한함
한맺히다	한 맺힌 외침이 공중에서 흩어졌다.	한 맺힌	한 맺힌 만남은 마냥 설레지만은 않았고	한 맺힌	그래, 그 아이의 맺힌 한이라도 마땅히 풀어 주어야겠지	맺힌 한	팔에 남겨진 손톱자국에서 한 맺힌 절규가 들리는 듯 했다. 	한 맺힌	한 맺힌 설움이 터져 나왔다.	한 맺힌	깊은 한 맺힌 눈빛이 나에게로 향했을 때의 감각이 가시질 않는다.	한 맺힌
한탄하다	스승은 시대를 잘 못 만난 천재를 보고 한탄했다.	한탄했다	민수는 도대체 사랑이 뭔데 나를 그렇게 초라하게 만드는지 모르겠어, 하고 한탄했다. 	한탄했다	깊이 한탄하는 친구의 설움을 묵묵히 받아내었다. 진득한 고됨이 버거웠다. 	한탄하는	언제까지나 그저 한탄하는 친구를 달래고만 있을 순 없었다. 	한탄하는	귀인을 놓친 어리석음에 크게 한탄했다.	한탄했다	사랑하던 이를 대하는 나의 태도에는 한탄하는 마음뿐이었다. 	한탄하는
질색하다	더러워진 방, 규칙이라고는 없고 난잡하고 냄새나는 공간에 대해 진심으로 질색했다. 	질색했다	질색하는 친구의 팔을 끌었다. 그렇게 최악은 아닐거야, 보장해.	질색하는	너 이러는 거 딱 질색이야, 여기까지만 해.	질색	낯간지럽다며 질색하던 모습은 어디로 갔는지, 몹시 신난 모습이었다.	질색하던	질색하는 모습을 보니 자꾸만 장난을 치고 싶어진다.	질색하는	이렇게 실망스러운 모습 정말 질색이다. 	질색
짜증내다	비어버린 술병에서 술이 흘러나오지 않음에 짜증을 와락 내고서 일어났다.	짜증을 와락 내고서	짜증내는 친구를 가만히 바라보았다. 내가 알던 사람이 맞는지를 가늠하던 시간이었다.	짜증내는	충분히 짜증날 법한 상황이라는 말을 계속 듣고 싶었다. 내가 정상이고 상황이 비정상이라는 그 말을.	짜증날	예정에 없던 일정이 갑작스레 생기자 얼굴을 찌푸리며 짜증냈다.	짜증냈다	제 뜻대로 되지 않아 볼을 부풀리며 짜증내는 모습조차 놓치고 싶지 않았다. 	짜증내는	짜증날 만 한데도 내 옆에 있는 한 존재 때문에 모든 것이 그저 좋았다.	짜증날
감명	학생들은 선생님의 희생에 깊이 감명했다.	감명했다	나에게 감명받은 사람들이 무언가를 기대하고 말을 걸어오기 시작할 때, 나는 급속도로 불안해지기 시작했다. 	감명받은	고개를 가만히 끄덕였다. 드물게 찾아오는 감명을 대하는 나의 환영이다.	감명	웅장한 작품을 직접 마주하였을 때 크게 감명받았다.	감명받았다	감명받은 작곡가는 방에 틀어박혀 삼일 밤을 새더니 걸작을 만들어 내었다.	감명받은	정성을 다해 나를 간호하는 모습에서 크게 감명받았다.	감명받았다
감미롭다	첫 월급으로 산 티라미수는 정말 감미로웠다.	감미로웠다	노력으로는 차마 따라할 수 없는 감미로운 선율에 정신을 차릴 수가 없었다. 	감미로운	감미롭게 들리던 자장가가 끝났을 때 잠에서 깼다.	감미롭게	볼을 스치는 바람마저 감미롭게 느껴졌다.	감미롭게	청명하고 감미로운 풍경 소리가 여행자를 반겼다.	감미로운	여행지에서 우연히 듣게 된 고향의 노래가 더없이 감미롭게 느껴진다. 	감미롭게
낙	싸늘해진 시체를 애써 안으며 너마저 없으면 내가 무슨 낙으로 살아, 하고 끅끅댔다.	낙	삶의 낙 하나 정도는 구비해 놓는 게 좋아, 구급함처럼	낙	당신이 그렇게나 찾아주려던 내 낙(락)은 없어요, 하루가 평화롭길 바라요. 	낙	누군가에게 보여지고 사랑받는 것에서 삶의 낙을 느끼는 사람도 있다. 	낙	삶의 낙이라고는 느낀 적 없다는 듯 공허해 보였다.	낙	일과를 마치고 식물을 돌보는 것이 나의 소소한 낙이다. 	낙
고맙다	아무 말 없이 토닥여주는 것이 그저 고마웠다.	고마웠다	고마운 말을 채 다하지도 못한 채 날을 샜다.	고마운	고마워서 어째요 이걸, 정말 고맙습니다, 미안해요..	고마워서	무엇보다도 직위가 아닌, 자신의 이름을 꼬박꼬박 불러주는 것이 고마웠다. 	고마웠다	다정이 묻어나는 고마운 선물을 소중하게 껴안았다. 	고마운	매년 나의 생일을 잊지 않고 챙겨주는 것이 고마웠다. 	고마웠다
긍지	그녀는 언제나 자신의 혈통에 긍지가 높았다. 	긍지가 높았다	그녀는 전쟁에 참전하여 가문의 긍지를 살렸다.	긍지를 살렸다	볼품없는 긍지 뒤에는 끊임없는 허송세월이 있다. 	긍지	무너진 긍지를 드높이기 위해 온갖 애를 썼다.	긍지	긍지 높은 가문의 자제는 혈통이 자신을 증명한다고 떠들어대며 더없이 오만하게 굴었다.	긍지	가문으로부터 버려진 공녀는 허울뿐인 긍지로 가득찬 가문의 절멸을 간절히 원했다. 	긍지
떳떳하다	조사과정 내내 한 치의 거짓도 없이 떳떳했다.	떳떳했다	어떻게 그렇게 떳떳한 모습을 하고 살아있었을까. 나의 친부라는 사람이. 	떳떳한	떳떳하게 모든 조사에 임하겠다며 당당한 모습을 보였기에 하마터면 속을 뻔 했다.	떳떳하게	온갖 갖은 수를 다 쓰는 경기에서 자신만은 최선을 다하였기에 떳떳할 수 있었다. 	떳떳했다	목숨이 위협받는 상황에서도 떳떳하게 대처한 모습을 보고 사랑에 빠지지 않을 수 없었다.	떳떳하게	그제서야 떳떳한 마음으로 거울에 비치는 자신의 모습을 바라볼 수 있었다. 	떳떳한
만족하다	병사들의 강도 높은 훈련에 조사관은 만족했다.	만족했다	잔을 시끄럽게 내려놓고 입가에 만족한 미소를 걸었다. 	만족한	그는 아주 만족스럽게 나의 충만한 사랑을 이고 나를 떠났다. 	만족스럽게	찰나의 꿈 같았지만 함께 시간을 보낼 수 있었던 것 만으로 만족했다. 	만족했다	터무니없는 가격에도 그저 원하던 물건을 구해 만족한 모습이었다.	만족한	고객을 만족시킬 수 있는 방안에 대해서 고민하는 것까지가 상인의 책임입니다. 	만족
동감하다	잔을 들어 동감했다. 이 자리에 있는 사람의 결말은 아마 같을 것이기에.	동감했다	이 발언에 동감하는 사람이 있다면 일전에 나눠드린 장미를 책상에 올려주시면 됩니다. 	동감하는	나 또한 그의 말인지라 적극적으로 동감하고 싶었으나, 그럼에도 불구하고 내 상황이 나를 말렸다.	동감	내 이야기에 눈물을 흘리며 동감하는 그를 보고 마음이 울렁거렸다.	동감하는	비슷한 처지의 그녀에게 크게 동감했다.	동감했다	그 행인은 모금의 취지를 듣고서 크게 동감했다. 	동감했다
속시원하다	주인공의 행보가 속시원했다. 나는 그렇게 하지 못할 것이 분명하니까. 	속시원했다	예원이는 내심 속이 시원한지 살며시 웃었다. 	속이 시원한지	속 시원하게 교문을 나섰다. 다음 번에는 다른 상황에서 학교로 돌아올 수 있기를 바라며.	속 시원하게	차마 하지 못하고 있던 말을 꺼내고 나니 속시원했다.	속시원했다	회포를 풀며 속 시원하게 서로의 생각을 물었다.	속 시원하게	선화는 내내 집에만 있다가 간만의 여행에 속이 시원한지 내내 웃었다. 	속이 시원한지
정답다	서로의 안부를 묻고 또 걱정하는 이 마을이 참 정답다.	정답다	그 정다운 사랑이 나를 걱정하고 있었다. 	정다운	우리 가족만은 정답게 지내야 하지 않겠니, 응? 	정답게	벽 너머의 일까지 알고 있는 걸 정답다고 언제까지 포장할 수 있었을까	정답다	이름이 비슷해 짝이 되었으나 우리는 제법 정다운 사이였다. 	정다운	빛이 들어오는 틈새로 알감자를 쥔 손이 쑥 들어오더니, 정답게 흔들며 바닥에 놓아두었다. 	정답게
정겹다	놓지 않은 것 처럼 잡은 저 어린 손들이 정겹다.	정겹다	창문 너머의 정겨운 냄새가 나를 잠에서 깨웠다. 	정겨운	한옥에서의 밤은 나에게 언제나 정겹게 다가온다.	정겹게	자신있는 음식을 하나씩 들고 식사를 함께하는 모습이 정겹다.	정겹다	정겨운 풍경이 무엇보다도 아름다웠다.	정겨운	문 밖의 투닥거림조차 정겹게 들렸다.	정겹게
충족감	내가 책임져야 할 생명은 나에게 정신적 충족감을 안겨준다.	충족감	비싸고 귀한 것만 죄다 쥐어주면 나는 방 안에서 그저 충족감만 느끼며 살아야 하나요? 	충족감	사람이란 것이 본디 간사해서, 처음에는 충족감을 느끼다가도 변모할 것이 뻔했다.	충족감	만족스러운 하루를 마무리할때의 충족감이 마음에 든다.	충족감	성장과정에서의 충족감이 충분하지 않아 성인기에 다다르고서 결핍을 깨닫는 사람들이 많아요.	충족감	현존하는 말로서 표현할 수 없는 충족감을 찾아냈다는 기쁨이었다. 	충족감
흐뭇하다	그 예술가는 자신의 작품에서 감명받는 사람들이 무엇보다도 흐뭇했다.	흐뭇했다	나에게서 배운 걸음으로 나아가는 자식을 바라보는 것은 흐뭇한 일이었다. 	흐뭇한	살인자는 현장을 유유히 빠져나가며 아비규환을 흐뭇하게 바라보았다.	흐뭇하게	먹성좋게 자신이 만든 음식을 해치우는 모습이 몹시 흐뭇했다.	흐뭇했다	그 화가는 걸작을 완성했다며 흐뭇한 눈으로 작품을 바라보았다.	흐뭇한	긴 전쟁 끝에 찾아온 평화를 용사의 정인은 누구보다도 흐뭇하게 맞이했다. 	흐뭇하게
흡족하다	삼일 밤을 갈아넣은 결과는 무척 흡족했다. 	흡족했다	이전 근무자는 인수인계가 끝나자 흡족한 발걸음으로 떠났다. 	흡족한	무명작가는 흡족하게 계약을 마치고 일어났다.	흡족하게	사람이 가득 찬 자신의 전시회를 보며 흡족해했다.	흡족했다	숨겨진 내막을 낱낱히 밝힌 신문기사를 읽으며 흡족한 미소를 지었다.	흡족한	각고의 노력 끝에 개발한 요리에 대한 격렬한 반응은 요리사를 흡족하게 만들었다. 	흡족하게
고독하다	카랑대며 울리는 검은 상대가 없어 한없이 고독했다.	고독했다	고독한 상황 속에서도 절대 자신을 잃지 말고, 잊지 말 것.	고독한	가만히 두면 먼저 울릴 일이 없는 핸드폰이 이따금 고독하게 느껴졌다. 	고독하게	수많은 비난 속에서도 꿋꿋히 맞서는 용사는 누구보다도 용맹하고 고독했다. 	고독했다	고독한 마음을 숨기는 데에 능숙해진 아이들이 안타까웠다. 	고독한	가족을 모두 잃어 저택에 홀로 남은 그의 모습은 무척이나 고독해 보였다.	고독해
공허하다	함께하지만 서로를 보지 않는 순간들이 공허했다.	공허했다	울지도 않고 그저 고인을 쓰다듬는 공허한 손짓이 안쓰러웠다.	공허한	공허하게 비워둔 공간은 누군가를 기다리는 것 같았다.	공허하게	뚜렷한 성취도 없는 허울뿐인 성공은 그저 공허했다. 	공허했다	나는 공허한 손길로 허공만을 휘저을 뿐이었다. 	공허한	항상 공허하게 비워둔 자리가 마침내 주인을 찾았다. 	공허하게
권태롭다	어떠한 의무도 없지만 권리 또한 없었기에, 그저 권태로웠다.	권태로웠다	별 거 없다. 권태로운 일상이 흐르기만 할 뿐이다. 	권태로운	일상이 권태로워 견딜 수 없었고 사람이 그것을 채울 수 있으리라 믿었다. 	권태로워	선택할 대안조차 없이 그저 시간을 흘려보내는 것은 권태롭다. 	권태롭다	또 시작이냐며 권태로운 눈길로 나를 바라보고선 손을 휘저었다.	권태로운	지위를 얻은 후 변심한 그는 누구보다도 권태롭게 지내고 있었다.	권태롭게
따분하다	친밀감을 위해 늘어놓는 서로의 일상은 지독하게 따분했다. 	따분했다	앉아있을 이유는 없지만, 굳이 일어설 이유도 없는 따분한 인간.	따분한	지나간 열의를 따분하게 바라보았다. 	따분하게	수준에 맞지 않는 사람과 이야기를 나누려니 몹시 따분했다.	따분했다	따분한 이야기만을 늘어놓아 시간이 아까울 지경이었다.	따분한	그 후작 영애는 따분한 분위기를 환하게 밝히는 웃음을 보이며 등장했다.  	따분한
무색하다	서울의 한강은 생각보다 더럽고 무색하다.	무색하다	그는 황실 기사가 무색할 정도의 실력자였다. 	무색할	애써 건넨 손이 무색하게 될 지경이었다. 	무색하게	기껏 건넨 도움이 무색하게 그는 나를 못 본 체하며 지나쳐 가버렸다. 	무색하게	더러운 테이블보와 먼지 쌓인 조화로 가득찬 파티장은 평민들의 기대가 무색할 지경이었다. 	무색할	호의를 대놓고 거절하자 무색하여 어쩔 줄 몰래 했다. 	무색하여
시무룩하다	사촌동생은 제 기대와 다른 현실을 마주하곤 풀이 죽어 시무룩했다. 	시무룩했다	시무룩한 나를 달래는 건 언제나 너였지.	시무룩한	시무룩하게 튀어나온 입을 가만히 매만졌다. 	시무룩하게	성과를 내었으나 기대만큼의 대우를 받지 못해 시무룩했다. 	시무룩했다	그녀의 시무룩한 어깨가 눈에 아른거렸다. 	시무룩한	그의 오래된 친우는 그가 실패를 겪고 시무룩하여 기가 죽어있는 모습을 바라보기 힘들어했다. 	시무룩하여
쓸쓸하다	현재는 함께하더라도 결국 다른 미래를 바라보고 있는 우리의 관계가 쓸쓸했다.	쓸쓸했다	진정으로 쓸쓸한 사람은 군중 속에서 더욱 고독을 느낀다.	쓸쓸한	어두운 집의 간접등을 켰다. 밖에서 보면 쓸쓸하게 느껴지려나.	쓸쓸하게	전생의 나는 마음 둘 곳 하나 없이 쓸쓸했다.	쓸쓸했다	쓸쓸한 마음으로 주인없는 빈 집을 청소하기 시작했다. 	쓸쓸한	할 수 있는 것은 없어 쓸쓸하게 서류뭉치들을 차근차근 처리할 뿐이었다.	쓸쓸하게
울적하다	노력이 빛을 발하지 못해 꺼져버릴 때, 어떤 때보다도 울적했다.	울적했다	친구의 우스꽝스러운 행동에 울적한 방이 활기로 가득 찼다. 	울적한	울적하게 시간을 보내는 것도 지친 나를 위한 시간이 되곤 한다. 	울적하게	날씨는 이다지도 맑은데 나는 홀로 울적했다.	울적했다	울적한 내가 보이지도 않는 듯 노래를 흥얼거리는 모습에서 큰 실망감을 느꼈다.	울적한	집에만 울적하게 있는 것보다는 낫다며 손을 이끌었다. 	울적하게
우울하다	우울하다는 말만 듣고 자란 아이가 무슨 말을 내뱉을지 두렵지도 않으신가요?	우울하다	우울한 친구를 대하는 최고의 방법은 사소한 일상을 함께하는 거예요. 	우울한	지나친 예민함으로 선의를 바로 보지 못하는 스스로가 참 우울하게 느껴졌다. 	우울하게	용기를 내어 뻗은 손이 거절당한 후 외로움이 남았다. 우울한 날들의 연속이었다.	우울한	우울한 사람에게는 격려조차 강요로 느껴지기 마련이다.	우울한	온갖 시도를 해도 변하지 않는 현실을 성숙하고 우울하게 받아들였다.	우울하게
의기소침하다	신입사원은 만족할 만한 성과가 나지 않아 의기소침했다. 	의기소침했다	의기소침한 친구를 어르고 달랬다. 너는 뭐든 할 수 있다고. 	의기소침한	의기소침하게 도전하면 사람들은 그냥 도전하는 사람이라고 생각해. 겁내지 마.	의기소침하게	의기소침하던 것도 한 순간이었으며 본래의 허영심이 그 몸을 지배했다.	의기소침	여러 번의 탈락에 의기소침해진 친구를 위해 깜짝 선물을 준비했다.	의기소침해진	그제서야 눈치가 보이는지 의기소침하게 말을 걸기 시작했다. 	의기소침하게
풀죽다	프레젠테이션에서 지적을 많이 받은 발표자는 풀죽었다.	풀죽었다	새로운 사람은 풀죽은 티를 감추는 데에 능했다. 	풀죽은	당차게 떠난 그는 풀죽은 표정으로 돌아왔다. 	풀죽은	쩌렁쩌렁한 호통에 풀죽어 방으로 들어갔다. 	풀죽어	당차기만 하던 신입은 여러 번의 지적에 풀죽은 모양이었다.	풀죽은	신인 작가는 비평가 앞에서 풀죽어 보였다.	풀죽어
허전하다	일주일 전과 달리 비어버린 옆자리가 허전했다.	허전했다	저는 허전한 마음을 채울 방법에 대해서는 배운 적이 없어요.	허전한	한없이 익숙하던 공간이 허전하게 다가올 때 떠난 사람에게 익숙해졌다는 것을 꺠달았다.	허전하게	졸업식 날 마지막으로 찾아간 교실은 허전했다. 	허전했다	평소와 다름없던 하루였으나 무언가를 잃어버린 듯 허전한 기분이 들었다. 	허전한	허전한 마음을 달래며 빨래를 걷었다.	허전한
착잡하다	바라볼 수 밖에 없는 자신과 상황이 착잡했다.	착잡했다	잘가라는 인사와 함께 손을 흔들고 착잡한 마음을 뒤로 했다. 	착잡한	여름의 착잡한 낮이 지났다.	착잡한	함께 열의를 불태우며 시작했던 때와는 달라진 그를 보는 마음 한구석이 찹작했다.	착잡했다	앞으로의 일들만 생각하면 착잡한 마음뿐이었다.	착잡한	예정에도 없던 이사를 하게 되어 착잡하게 짐을 싸기 시작했다.	착잡하게
처량하다	행복한 친구들에게 남몰래 순위를 매기는 스스로가 처량했다. 본인이 최저 등수여서이기도 했고.	처량했다	처량한 우산을 애써 쓰기보단 뛰어가는 게 나았다.	처량한	울먹이며 건넨 따뜻한 손이 처량하게 느껴졌다. 	처량하게	남에게 의지해야만 일상을 영위할 수 있는 처지가 처량했다.	처량했다	비를 맞으며 처량하게 길거리를 돌아다녔다.	처량하게	무지한 지도자에게 간언하는 스스로가 처량하게 느껴졌다. 	처량하게
걱정하다	나는 그가 아니라, 저조차 뒤로하는 그의 뒷모습을 걱정했다. 	걱정했다	걱정하는 사람은 잘 보이지 않습니다, 안타깝게도.	걱정하는	당시의 나는 걱정이 섞인 질문들에 친절히 대답할 여유가 없었다. 	걱정	동네에서 모습도 보이지 않고 연락도 되지 않아 걱정했다. 	걱정했다	걱정도 잠시 또다시 오만하게 구는 모습이 어리석어 보였다.	걱정	걱정하는 모습도 잠시 본인의 뜻대로 흘러가는 상황에 웃음이 절로 나오는 듯 했다. 	걱정하는
고뇌하다	어떻게 해야 의미있는 시간을 보낼 수 있을지를 고뇌하며 시간을 보냈다.	고뇌하며	그 철학자가 마음껏 고뇌하느라 그 외의 것들을 타인이 해주기를 당연시하는 건방진 꼴이 마음에 들지 않았다. 	고뇌하느라	고뇌가 가득한 얼굴을 가진 사람은 누군가를 비난할 자격을 갖는다. 통상적으로. 	고뇌	그의 고뇌하는 모습이 신문에 실리자 사람들은 열광했다.	고뇌하는	사업이 어려움을 겪자 고뇌하며 새로운 방안을 찾아야만 했다.	고뇌하며	차마 손을 쓰지 못한 고뇌들이 방에 가득해 질식할 지경이었다.	고뇌
구슬프다	사라진 고향을 그리워하는 마음은 몹시 구슬펐다. 	구슬펐다	구슬픈 울음도 타인에게 인정받기 전까지는 그저 소음에 불과합니다.	구슬픈	도축장의 가축들은 매번 구슬프게 울었다. 짐승은 제 상황을 알 리 없었지만 그건 명백한 두려움이었다.	구슬프게	구슬픈 눈물도 어떠한 도움이 되지는 못했다.	구슬픈	그 독재자는 구슬프게 애원하는 사람들의 손길을 쳐내며 앞으로 나아갔다. 	구슬프게	폐업한 백화점에는 고장난 스피커의 구슬픈 노래가 흘러나올 뿐이었다. 	구슬픈
망설이다	사실 내가 어떻게 다 알겠어, 하고 깊이 조언하는 것을 망설였다. 	망설였다	망설이는 마음을 알았는지, 그녀는 나를 조용히 바라보았다.	망설이는	망설이며 끝내 선택하지 않았다면, 무언가를 버린 거예요. 	망설이며	그 기사는 신분의 차이로 인해 다가가기를 망설였다. 	망설였다	그녀는 새로운 도전 앞에서 망설이는 나에게 확신을 주었다. 	망설이는	나의 망설임이 그를 애닳게 하였나보다.  	망설임
딱하다	정해진 곳 없이 그저 떠돌기만 하는 처지가 딱했다.	딱했다	딱한 처지에도 남을 도우려는 마음이 기특하구나.	딱한	딱하게도 신은 응답하지 않아. 	딱하게	스스로가 너무나도 가엾고 딱했다. 그것이 모든 합리화의 근거가 되어주었다.	딱했다	배신당해 길가로 내쫓긴 그는 고생을 제법 했는지 딱한 모양새였다. 	딱한	하루종일 정신없이 끌려다니기만 하는 그의 처지가 딱했다. 	딱했다
번뇌하다	늙은 황제는 후사 문제로 번뇌하였다.	번뇌하였다	깊이 번뇌하는 배우의 모습이 인상깊었다. 	번뇌하는	속세의 번뇌에서 벗어난 삶을 선택하였다. 	번뇌	그 사업가는 자신의 성공과 자식들의 행복을 두고 번뇌하였다. 	번뇌하였다	현생에 헌신하면 속세의 번뇌에서 자유로워질 수 있다는 사실에 사람들은 모여들었다. 	번뇌	신실한 신자들은 하루에 세 번 번뇌하고 그 생각들을 곱씹어 끼니를 때우곤 했다. 	번뇌하고
뾰로통하다	하루가 제 마음대로 흘러가지 않아 몹시 뾰로통했다.	뾰로통했다	제 어깨에 기대어 있는 뾰로통한 볼을 살며시 찔렀다. 	뾰로통한	제시간보다 늦게 도착하여 뛰어가자 그는 뾰로통하게 화가 나 있었다. 	뾰로통하게	자신만 쏙 빼고 재미난 시간을 보낸 사실을 알자 뾰로통하게 샘이 나 방에 들어가버렸다.	뾰로통하게	뾰로통한 모습마저 더없이 사랑스러웠다.	뾰로통한	뾰로통한 등을 콕하고 눌렀다. 나름의 사과 신청이었다. 	뾰로통한
무안하다	반갑게 맞이하러 나온 버선발이 무안했다.	무안했다	다행히도 그녀는 무안한 기색 없이 웃고 있었다. 	무안한	칼같이 거절당한 것이 무안하여 말조차 꺼내지 못했다. 	무안하여	기껏 편의를 봐준 것이 무안할 정도로 본인의 이익만을 노리곤 했다. 	무안할	주최자의 배려를 당연하게 여기는 무례한 참석자 덕분에 덩달아 내가 무안헀다. 	무안했다	자신의 어리석은 오라비를 제지하지 못한 것이 무안하였는지 나를 위로하기 시작했다. 	무안하였는지
미안하다	민하는 의도하지 않았더라도 누군가가 불편을 느끼는 데에 자신이 일조하여 미안하다고 느꼈다.	미안하다	미안한 기색이 없어 보이는 모습에 화가 치밀어 올랐다.	미안한	일전의 무례에 대해서는 미안하게 생각합니다. 무뚝뚝한 사과에 진정성이라고는 없었다.	미안하게	친구의 말을 듣기도 전에 멋대로 생각하고 오해한 것이 미안했다.	미안했다	거만한 그의 태도는 얼마 전까지만 해도 사과하겠다고 나를 기다리던 것과 달리 미안한 사람의 태도가 아니었다. 	미안한	미안한 기색과는 달리 행동에는 전혀 변화가 없었다. 	미안한
송구하다	화가 난 당신께 건넬 말이 없는 것이 참으로 송구하였습니다.	송구하였습니다.	분에 넘치는 제안에 송구한 마음을 갖지 않을 수 없었다. 	송구한	송구하오나 제1황자께서는 성군에 걸맞은 행보를 보이신 적이 없었던 것으로 사료됩니다.	송구하오나	과분한 하사품을 받기에는 소인이 송구하여 그러니 명령을 거두어주십시오. 	송구하여	의도치 않게 심부름을 시킨 것 같아 몹시 송구했다. 	송구했다	송구하오나 저는 명령을 받고 왔으니 수행하기 전에는 돌아갈 수 없습니다.	송구하오나
스산하다	사람이 죽어나갔다던 그 곳은 뺨에 스치는 바람조차 스산하였다. 	스산하였다	그 폐가는 5년밖에 되지 않았지만 스산한 분위기가 감돌았다. 	스산한	언제나 미소를 띠던 그가 웃음을 멈추자 어딘가 스산하게 느껴졌다. 	스산하게	검날이 바람을 베는 소리가 스산하게 울렸다. 	스산하게	바라보는 것만으로 충분히 스산한 폐가에 발을 들이는 상상만 해도 소름이 끼쳤다.	스산한	긴 세월 방치된 묘지는 망자들의 모임인 양 스산했다.	스산했다
심려하다	내가 눈 감기 전에는 네가 자립을 해야 할 텐데. 그 생각만으로 심려가 컸다. 	심려가 컸다	무례일 수 있겠으나 심려되어 안부를 여쭙니다. 평안하신지요.	심려되어	제 불찰로 심려를 끼쳐 드려 죄송합니다. 	심려	지금껏 부모님께 심려만 끼쳐 오다가 그제서야 효도를 할 수 있겠다며 들떠보였다. 	심려	행여나 내가 전사하더라도 모든 것은 나의 선택이었으니 심려하지 말았으면 한다. 	심려하지	심려가 서린 얼굴로 그저 고인의 사진을 쓰다듬을 뿐이었다.	심려
애달프다	사람을 살리는 직업은 죽음을 마주하는 것도 필연적인 일이다. 필연적이어서 더욱 애달프다.	애달프다	체념한 항해사의 애달픈 노래는 오직 바다 위에서만 흐르곤 했다. 	애달픈	애달픈 마음을 뒤로 하고 자리에서 느리게, 그러나 착실히 일어났다.	애달픈	그 포로는 마지막 편지라도 남길 수 있게 해달라며 애달프게 호소하였다. 	애달프게	떠돌기만 하는 강아지의 처지가 자신과 비슷해보여 더욱 애달팠다.	애달팠다	타국에서 만난 조국의 유물에는 우리 민족의 애달픔이 서려 있는 듯 했다. 	애달픔
애석하다	환경을 타고나지 못한 재능은 애석하다. 	애석하다	다시는 그 사람 앞에 가 사랑스럽게 바라볼 수 없다. 갈 곳 없는 애석한 마음이다. 	애석한	애석하게도 어두운 방에는 남아있는 온기라고는 없었다.	애석하게도	제 뜻대로 되지 않는 상황이 애석하였으나 시도할 만한 선택지가 없었다. 	애석하였으나	제 쓸모를 다하지 못해 버려진 애석한 도구들의 모임이었다,	애석한	대부분의 사람들과 달리 하루하루 생계를 걱정하는 자신의 처지가 애석하게 느껴졌다. 	애석하게
애증	일말의 대화도 없이 그저 확신을 요구하기만 하는 사랑에게 애증이 깊어 갔다.	애증이 깊어 갔다.	애증하는 당신께. 당신은 여전히 꿈을 좇고 있습니까. 	애증하는	나에게 그의 존재는 사랑보다 깊은 애증이었다. 	애증	우리는 킥킥대며 서로에 대한 애증을 이따금씩 털어놓곤 했다.	애증	그는 내가 자신을 애증한다고 말해도 나의 애정이 조금 더 우위에 있는 것을 잘 알고 있었다.	애증	애증의 대상이 눈 앞에 앉아있었고 감정은 날뛰었으며 나는 그 모든 것을 감추고 싶었다.	애증
애처럽다	쓰일 리 없는 검을 소중하게 관리하는 기사의 처지가 애처롭다. 	애처롭다	누군가의 애처로운 울음이 그 기사의 발걸음을 붙잡았다. 	애처로운	텅 빈 집에 들어가는 것이 두려워 밖을 하릴없이 맴도는 그녀는 누구보다도 부유하고 또 애처로워 보였다. 	애처로워	끅끅거리며 소리를 감추려는 울음이 애처로워 보였다.	애처로워	별은 애처로운 하늘에서 끊임없이 태양을 찾았다. 	애처로운	자신을 애처롭게 바라보는 사랑을 외면하여야 했다. 	애처롭게
애환	망국의 애환을 기억하는 자 누구인가.	애환	애환 섞인 강가 옆에는 낚시꾼들이 근심을 미끼 삼아 희망을 낚고 있다.	애환	그 작가는 기록으로서 삶의 애환을 남기고 있다. 	애환	고난과 애환을 겪을 때 마다 그 작가는 또 다른 소재가 생겼다며 씩 웃곤 했다.	애환	모든 애환을 안고 잠들었으나 평안하기만을 바랐다.	애환	이 작품에서 도망자였으나 한없이 유쾌한 그녀의 애환을 엿볼 수 있다. 	애환
어이없다	그런 헛소문에 나풀거리며 휘둘리는 사람들이 어이없었다. 	어이없었다	그 부조리하고 어이없는 요구를 당당하게 들이미는 모습에 기가 찼다. 	어이없는	집이 없어 떠돌이들의 모험. 어이없게도 그것이 위대한 여정의 시작이었다는 것은 당사자들의 비밀이었다. 	어이없게	나보다 더 심한 상처를 달고서 나를 걱정하는 상황이 어이없었다. 	어이없었다	의도한 상황임이 분명하게도 그는 어이없는 연기를 계속하며 우연이라고 떠들었다.	어이없는	그의 한결같고 오만한 태도는 나를 어이없게 만들었다. 	어이없게
염려하다	우리는 늘 서로를 염려하였다. 	염려하였다	염려하는 목소리가 달콤하게 느껴진다면, 내가 이기적인 걸까.	염려하는	그는 자신의 존재가 걸림돌이 될까 염려하여 살며시 집을 떠났다. 	염려하여	나를 염려하는 기색이라고는 찾아볼 수 없는 사람이랑 말할 의지는 없었다. 	염려하는	답장이 오지 않는 편지에도 그녀는 끝없이 염려하고 걱정하고 또 기다렸다.	염려하고	하나뿐인 가족을 염려하여 건넨 말들은 아무도에게도 닿지 않고 허공에서 흩어질 뿐이었다. 	염려하여
코웃음	순간이었지만, 분명 코웃음을 치며 쌩하니 가버렸다. 	코웃음을 치며	그녀는 내가 있다는 것도 모르는 채 코웃음을 지었다.	코웃음을 지었다	눈을 부라리고선 코웃음으로 빈정거렸다. 	코웃음	언젠가 후회하게 될 거라는 저주에 코웃음을 치곤 자리를 떴다.	코웃음	후계자가 쓰러져 오합지졸로 진행되는 회의가 자신이 원하는 대로 흘러가고 있다는 생각에 마스크 아래로 코웃음이 나왔다. 	코웃음	코웃음을 치며 할 만큼 했다는 듯 두 손을 들어 보였다. 	코웃음
죄송스럽다	나아가는 당신과 달리 저는 대단히 발전하는 모습을 보이지 못해 죄송스럽습니다.	죄송스럽습니다.	몹시 죄송스러워 이도 저도 하지 못하는 모습을 가만히 지켜보았다.	죄송스러워	자신의 무례에 대해 죄송스럽게 생각한다며 자취를 감추었다. 	죄송스럽게	그제서야 돌아본 자신의 죄목이 한없이 무거워보였고 죄송한 마음뿐이었다.	죄송한	뛰어다니느라 식사 약속을 잊은 아이의 눈가에는 죄송스러운 듯 눈물이 고여 있었다. 	죄송스러운	실망스럽게 만든 부분에 대해서 죄송하게 생각하고 있습니다. 	죄송하게
신나다	일상 속에서 잠시 일탈하여 취미를 즐길 생각에 몹시 신났다.	신났다	몇 개월 만의 소풍에 신난 모습을 보이는 아이가 안쓰럽기도 했다.	신난	카페로 들어오는 자신의 친구를 보고서는 신나게 앞치마를 벗었다. 	신나게	오랜만에 들어온 의뢰에 그 탐정은 몹시 신났다.	신났다	신난 마음을 가라앉히려고 노력하였으나 그 과정조차 즐겁게 느껴졌다.	신난	선물을 받고 신나하는 모습이 눈에 선해 빨리 돌아가고 싶은 마음뿐이었다.	신나하는
열광하다	사람들은 유명인의 가십거리에 열광한다.	열광한다	열광하는 관중들은 박수로 그들을 환영했다.	열광하는	짜릿했던 첫 성공은 나를 열광의 도가니에 몰아넣었다.	열광	사람들의 열광에 들뜬 발표자는 무리한 계획을 장대하게 늘어놓기 시작했다.	열광	원석을 발견했다는 듯 열광한 대중들의 눈이 반짝이며 빛났다. 	열광한	순식간에 추앙받으며 맛본 성공의 열광은 쉬이 가시질 않았다. 	열광
쾌감	한 순간에 유명해진 그는 낯선 타인이 호감을 갖고 다가오는 상황에 쾌감을 느꼈다. 	쾌감	우월감에서 비롯된 쾌감은 강한 중독성을 가지고 있다.	쾌감	선망하던 곳에 소속되었을 때의 쾌감은 쉬이 가시질 않았다.	쾌감	갑작스러운 방문에 당황하기를 잠시, 자신에게 굽실대는 사람을 보고 쾌감을 느꼈다.	쾌감	상대방의 논리에서 허점을 발견하고 그를 지적하며 쾌감을 느껴 토론 동아리에서 활발히 활동하였다.	쾌감	그는 순진하게도 하루아침에 유명인이 되어 느낀 쾌감이 언제까지나 계속될 거라고 믿었다. 	쾌감
흥나다	음악을 듣자 흥이 나 팔다리를 이리저리 흔들며 춤을 추기 시작했다. 	흥이 나다	흥나는 취미를 만들고 싶어 이것저것 경험해보는 중이다.	흥나는	본실력을 발휘할 만큼 흥날 만한 일은 잘 없어 무료했다.	흥날	작전이 성공하기만 한다면 귀중한 보물이 모두 제 것이라는 생각에 절로 흥이 났다. 	흥이 났다	시끌벅적한 술자리에 함께하고 있으면 흥이 오르기 마련이다.	흥이 오르기 	그는 과열되는 분위기에 흥이 올라 나의 손을 붙잡고 춤을 추기 시작했다. 	흥이 올라
안락하다	식물과 나무가 어우러진 생기있는 장소는 몹시 안락하다.	안락하다	안락한 보금자리를 구성함에 있어 가장 우선적인 건 나라는 사실이 좋았다.	안락한	안락하게 살아가고 싶었다는 말이 네 유언이었음을 깨달았다.	안락하게	무지는 무엇보다도 달콤하고 안락하기 마련이다. 	안락하기	그녀가 바쁜 일상을 마치고 돌아올 수 있는 안락한 보금자리가 기꺼이 되어주고 싶었다. 	안락한	이전에는 느끼지 못한 안락함이 나를 감쌌다. 	안락함
편안하다	조용한 집에 낮게 그르릉거리는 고양이의 존재가 더없이 편안하다. 	편안하다	편안한 일상 속에서 불안감이 차오를 때면 산책을 하곤 했다.	편안한	나를 아무것도 모르고 편안하게 살아갈 수 있게 만든 사람은 누구였지?	편안하게	오래된 친구와는 아무런 대화가 오가지 않아도 편안했다. 	편안했다	편안한 마음가짐으로 임하니 일이 술술 풀렸다. 	편안한	제가 한 짓이 모두 한 철의 꿈이라고 생각하는지 편안하게 눈을 감은 모습이었다. 	편안하게
편하다	때로는 눈 앞에 있는 작은 목표를 이루며 차근차근 나아가는 것이 편하다.	편하다	마음을 터놓을 만큼 편한 사람이 줄어드는 것이 서글프다고 생각했다.	편한	친구의 아무렇지 않은 태도는 되려 나를 편하게 만들어 준다. 	편하게	가만히 있기만 해도 제 눈치를 보며 설설 기는 상황은 편했다. 	편했다	그녀와 추억을 쌓고 안부를 나누는 편한 사이가 되고 싶었다. 	편한	마음을 편하게 먹으시고 천천히 이야기해보세요.	편하게
평안하다	몸은 힘들지언정 마음만은 평안하다.	평안하다	고요하고도 평안한 순간에서 벗어나기 싫어 핸드폰의 전원을 껐다. 	평안한	드물게 찾아오는 평안함을 깨트리고 싶지 않아 말을 삼켰다. 	평안	체념인지 평안인지 모를 깨달음이 문득 찾아왔다. 	평안	평안한 모습으로 헤어지고 싶었는데 뜻대로 되진 않는다며 힘없이 웃었다.	평안한	충격을 받아 기억을 잃었다더니 제가 한 짓은 다 잊은 듯 평안하게 웃고 있는 얼굴이 거슬렸다.	평안하게
평온하다	락스 냄새가 감도는 평일 아침의 수영장은 평온하다.	평온하다	그 상담사는 평온한 표정으로 횡설수설하는 나를 그저 받아주었다. 	평온한	이 곳 제주의 파도는 평온하게 다가옵니다. 	평온하게	지나친 평온은 때론 불행의 전조증상이 되기도 한다.	평온	후계자는 모든 재산을 사회에 환원하고 평온한 삶을 살아가길 원했다. 	평온한	따뜻한 차와 평온한 미소를 건네는 그녀를 보고 있으면 절로 차분해지는 것 같았다. 	평온한
평화롭다	가벼운 인사와 함께 서로의 안부를 묻는 모습이 평화롭다.	평화롭다	평화로운 와중에도 이따금씩 가슴 한 구석이 저려 왔다.	평화로운	풍경 소리와 함께 차를 즐기면 마음은 평화롭게 가라앉는다.	평화롭게	시끄러운 마음과 달리 눈에 보이는 현실만은 언제나 평화로웠다. 	평화로웠다	평화로운 길거리는 비로소 전쟁이 끝났음을 알려준다. 	평화로운	평화롭게 저들의 식량을 나누며 겨울을 버티는 사람들의 모습은 단란했다.	평화롭게
긴장하다	수험번호를 호명하는 소리에 바짝 긴장하였다.	긴장하였다	긴장한 나를 다잡으려 심호흡을 여러 번 하였다.	긴장한	긴장하는 모습도 오랜만에 봐서 반갑지만, 하던 대로만 하면 괜찮을거야.	긴장하는	사소한 실수라도 용서하지 않는 엄한 성정의 공작부인 앞에 모든 사용인은 긴장했다.	긴장했다	면접관은 지원자들이 긴장하는 모습에서 지난 시절의 자신이 겹쳐보였다. 	긴장하는	이번에야말로 허락을 받아내겠다는 완고함과 긴장감이 역력했다. 	긴장감
뜨끔하다	모르는 척 앉아있었지만 마음 한 구석이 뜨끔하였다.	뜨끔하였다	증거물을 들이밀자 그 용의자는 뜨끔하여 본격적인 진술을 시작했다. 	뜨끔하여	뜨끔하게 혼을 내어야 다시는 그러지 않겠지, 하고 선생님께서는 매섭게 매를 들었다. 	뜨끔하게	이번에야말로 들통날 것이라는 생각에 뜨끔했다. 	뜨끔했다	자신이 준비한 변명이 모두 간파당하자 뜨끔한 모양이었다.	뜨끔한	고대하던 순간을 앞두고 가슴이 뜨끔하게 저려 왔다. 	뜨끔하게
당혹하다	생전 처음 듣는 언어와 문화 양식에 몹시 당혹하였다. 	당혹하였다	준비한 변명이 모두 통하질 않아 그는 당혹스러워 보였다.	당혹스러워	솔직함으로 포장한 무례함은 꽤나 당혹스러운 일이었다. 	당혹스러운	그의 창의적이고 무례한 면모는 타인을 당혹스럽게 만들곤 했다.	당혹스럽게	초면에 가감없는 호의를 내비치는 것이 당혹스러워 순간 아무말도 하지 못했다.	당혹스러워	그녀는 예상치 못한 당혹스러운 제안에 생각할 시간이 필요한 것 같다며 자리를 피했다. 	당혹스러운
당황하다	예상조차 못한 상황에 몹시 당황하였다.	당황하였다	당황한 모습을 감추지 못한 채 그저 서 있는 것이 고작이었다.	당황한	그는 과거의 우리를 포장이라도 하듯 나를 꼭 껴안았다. 당황스러운 작별이었다. 	당황스러운	일정보다 빠른 최종 발표는 나를 당황스럽게 만들었다. 	당황스럽게	당황스러운 것도 잠시 닥쳐온 상황에 착실히 대비하기 시작했다.	당황스러운	당황스러울 정도로 많은 신경이 그녀에게 가 있었음을 이제서야 알아챘다. 	당황스러울
부끄럽다	가벼운 인사를 건네는 것만으로도 귀가 빨개질만큼 부끄러웠다.	부끄러웠다	누구나 부끄러운 실수를 통해서 성장하는 것 아니겠어요. 	부끄러운	부끄러운 줄도 모르는지 낯짝을 뻔뻔하게 들이밀었다. 	부끄러운	많은 사람들 앞에 서는 것은 그녀에게 손바닥이 간지러워질 정도로 부끄러운 일이었다.	부끄러운	책임감 없는 모습을 바라보며 한때 친구였다는 사실조차 부끄러울 지경이었다. 	부끄러워	갖은 애교를 떠는 모습에 내가 다 부끄러워 모자를 눌러쓰고 시선을 피했다.	부끄러워
선뜩하다	웃는 낯으로 살의를 감추는 사람들이 선뜩했다.	선뜩했다	선뜩한 칼을 능숙하게 다루는 모습이 이질적이었다.	선뜩한	폐병원에 들어서자 등골이 선뜩하여 걸음을 떼는 것 조차 힘겨웠다. 	선뜩하여	넓은 공원에서 홀로 서서 맞이하는 새벽 공기는 선뜩할 정도였다. 	선뜩할	여행에서 돌아온 친구의 생생한 경험담을 듣는 내내 가슴이 선뜩했다. 	선뜩했다	목덜미에 뭉근하게 느껴지는 암살자의 칼날이 달빛을 받아 선뜩하게 빛났다.	선뜩하게
샘내다	사람들은 노력의 과정보다는 성공한 결과만을 샘낸다.	샘낸다	열등감에서 비롯된 샘내는 마음은 겉잡을 수 없이 커져 갔다.	샘내는	어린아이들조차 서로의 장난감을 샘새는 모양이었다.	샘내는	자신이 가지지 못한 것을 아무렇지도 않게 누리는 것이 샘나 견딜 수 없었다.	샘나	갑작스럽게 나타나 주변 사람들의 샘내는 소리를 뒤로 한 채 막대한 유산을 상속받았다. 	샘내는	샘내는 모습을 보고 있노라면 마치 영락없는 어린아이 같았다. 	샘내는
초조하다	마감기한이 다가오자 모두들 초조해했다.	초조해했다	초조한 마음을 굳이 드러낸다고 해도 세상이 나한테 유하게 군 적은 없었다. 	초조한	보호자는 수술실 앞에서 초조하게 다리를 떨며 기도하고 있었다.	초조하게	막상 전시회의 날짜가 가까워오자 초조한 마음뿐이었다. 	초조한	경쟁자의 깔끔한 경기에 순위를 탈환당할까 초조한 모양이었다. 	초조한	그는 자신의 초조함을 곧 약점으로 여겨 드러내기 싫어했다.	초조함
황당하다	마왕은 뻔해 보이는 자신의 계략에 흔쾌히 응하는 용사가 되려 황당하였다.	황당하였다	황당한 사유에 모두 혀를 내둘렀다. 	황당한	그 살인사건은 근 몇 년 간의 사건 중에서도 황당하기 짝이 없었다. 	황당하기	재물을 손에 쥐니 다른 사람처럼 구는 꼴이 황당했다. 	황당했다	그의 황당한 요구를 더 이상 들어줄 의무는 없없다. 	황당한	무슨 이야기를 해도 결국 자기 자랑으로 이어지는 대화가 황당하기 짝이 없었다.	황당하기
경쾌하다	흐린 날씨였음에도 스산하지 않았고 떨어지는 빗방울조차 경쾌하였다.	경쾌하였다	나는 새 신발과 함께 경쾌한 발걸음으로 여행을 떠났다.	경쾌한	피아니스트의 연주는 어느 때 보다 경쾌하게 공연장을 채웠다.	경쾌하게	지긋지긋하던 일을 모두 끝내고 나오는 발걸음이 경쾌했다	경쾌했다	무대를 가득 채운 연주자의 리코더 소리가 특히 경쾌했다. 	경쾌한	캔넬에서 나온 강아지는 경쾌하게 마당에서 뛰놀았다. 	경쾌하게
살맛나다	이게 인생이지, 아. 살 맛 난다. 그녀는 맥주를 연거푸 마시며 말했다.	살 맛 난다	살맛 나는 공간을 꾸리기 위해 부던히도 노력했다.	살맛 나는	미각을 잃은 지 엿새, 그 미식가는 세상 살 맛이 뚝 떨어졌다고 느꼈다.	살 맛	좁은 시야에만 갇혀 있다가 넓은 세상을 경험하니 살 맛이 난다.	살 맛이 난다	국경을 넘은 그날 밤, 맥주를 살 맛나게 마셨다. 	살 맛나게	사형장에 오른 연쇄살인마는 살 맛 나는 인생이었다는 섬뜩한 유언을 남겼다. 	살 맛 나는
반갑다	갑작스럽더라도 꾸준히 찾아오는 안부인사가 몹시 반가웠다. 	반가웠다	반가운 마음에 타지에서 만난 친구를 와락 껴안았다.	반가운	반갑게 맞아줘서 고마워, 그러기 힘들었을 텐데.	반갑게	한 달이라는 짧은 시간이었음에도 불구하고 언제나 반가웠다.	반가웠다	반가운 마음으로 환영식을 준비했다. 	반가운	나를 반갑게 맞이해 주는 모습을 보고 눈물이 고일 정도였다.	반갑게
상쾌하다	생기를 띠며 돋아나는 싹을 바라만 보아도 상쾌했다.	상쾌했다	조심스레 방공호의 해치를 열었다. 청명하고도 상쾌한 하늘이 그들을 맞이했다. 	상쾌한	내 인생을 누구보다도 사랑하겠다는 결심으로 내가 나고 자란 나라를 몹시 상쾌하게 떠났다.	상쾌하게	삐걱이는 오래된 창문을 열고 얼굴을 밖으로 내 맞이한 바람이 상쾌했다.	상쾌했다	자신이 이뤄낸 성과를 계속해서 확인하며 상쾌한 기분을 만끽했다. 	상쾌한	자신을 바라보는 추종자들을 향해 상쾌하게 웃어 보였다. 	상쾌하게
영광스럽다	감정이 북받친 감사인사를 받는다는 것은 한없이 영광스러웠다.	영광스러웠다	그 영광스러운 자리는 비어있을 때 가장 아름다웠음을.	영광스러운	저는 이러한 자리에 후보로 선발되었다는 것을 영광스럽게 생각합니다. 	영광스럽게	영광스러울 정도였다.	영광스러울	가문 고유의 영광스러운 칭호는 한 명의 후계자에게만 주어지는 것이었다. 	영광스러운	수상자는 상패를 영광스럽고 높이 들어 보였다. 	영광스럽고
좋다	특별한 것을 하지 않더라도 시간을 함께 보내는 순간이 좋았다.	좋았다	짧은 생에서 찰나의 순간이더라도 좋은 추억이 존재하기만을 바랐다. 	좋은	그저 좋게만 생각했던 것들이 사실은 그 반대였을 때의 충격은 쉬이 가시질 않는다.	좋게	네가 나를 잊고 나아가기만 한다고 해도 나는 그것마저 너다워서 좋다고 할 사람이다.	좋다고	나는 좋아할 만한 사람이 아니다. 날 때부터 그랬으나 너는 내 출생을 사랑하느라 이를 모르는 듯 했다.	좋아할	한때는 좋아했고 동경했던 인물이 그렇게까지 몰락하는 것을 바라보는 것은 안타까운 일이었다. 	좋아했고
자랑스럽다	각고의 노력 끝에 얻은 성취가 자랑스러웠다.	자랑스러웠다	존재만으로 너는 한없이 사랑스럽고 자랑스러운 사람이니까	자랑스러운	그는 우레와 같은 함성 속에 자신의 딸을 자랑스럽게 소개하였다. 	자랑스럽게	땀을 흘리며 일궈낸 결과물이자 노력의 결실이 자랑스러웠다.	자랑스러웠다	감히 확언하건대 지금까지의 삶 중 가장 자랑스러운 성취였다. 	자랑스러운	그제서야 어머니에게 부끄럽지 않을 수 있겠다며 자랑스럽게 비어버린 집으로 돌아올 수 있었다. 	자랑스럽게
즐기다	신인 배우는 자신을 따라오는 호기심 어린 시선을 내심 즐겼다. 	즐겼다	그래, 승리를 진심으로 즐기는 저 모습에 내가 연거푸 빠져들었지. 	즐기는	자신을 배웅하는 사람들에게 그녀는 더없이 즐겁게 웃어보였다. 	즐겁게	사람들에게 관심을 받고 아무것도 하지 않아도 비싼 물건이 제 것이 되는 상황을 즐겼다.	즐겼다	다른 사람의 불행을 관망하는 것을 진심으로 즐기는 모습에 소름이 끼쳤다.	즐기는	그녀는 퇴사한 후 생긴 유일한 취미활동에 즐겁게 참여했다. 	즐겁게
호감	기사가 투박한 손으로 꽃반지를 만들고 있는 모습에 호감을 느꼈다.  	호감	약간은 쑥스러운 마음으로 호감이 녹아든 커피를 받았다. 	호감	나는 호감을 가진 사람에게 다가가는 방법이 서툴었다. 	호감	호감을 가질 순간이라도 생기면 그가 나서서 또 다른 단점을 보여주니 그 이상으로 진전될 기미는 없었다.	호감	기꺼이 모든 진실을 알려주겠다며 나서는 모습은 사람들의 호감을 사기에 충분했다.	호감	취향의 향수 혹은 좋아하는 색의 옷 같은 것들은 호감을 느끼기 충분하다.	호감
황홀하다	드럼과 베이스가 울리는 공간에 두 발로 서 있는 것이 그저 황홀하였다. 	황홀하였다	내게 주어지는 황홀한 시간은 쏜살같았다.	황홀한	어두워지지 않는 밤과 모두가 깨어있는 새벽이 황홀하게 느껴졌다	황홀하게	꿈을 좇아 떠난 유학 생활에서의 모든 배움은 황홀했다. 	황홀했다	선망하던 사람과의 황홀한 만남은 여운이 짙었다.	황홀한	감탄을 넘어 황홀하기까지 한 연주에 혼절하는 관객 또한 존재했다.	황홀하기
격노하다	지도자의 가볍고 어리석은 행동에 민중들은 격노하였다.	격노하였다	격노한 모습을 마주하자 다리가 사시나무처럼 떨렸다. 	격노한	황제는 격노하여 반역자를 끌어내라 명하였다.	격노하여	지금까지의 억울함을 토로하며 격노했다. 	격노했다	격노한 노인은 지팡이를 크게 내려놓았다. 	격노한	민중들은 지도자들의 만행에 격노하여 무장시위를 결심하였다. 	격노하여
격분하다	첩자의 정체가 밝혀지자 몹시 격분하였다.	격분하였다	그 환자는 거울을 바라보며 일생일대의 원수를 마주한 듯 격분한 모습을 보였다. 	격분한	죄책감조차 다른 사람에게 전가하는 언행을 보고 격분하여 다가갔다.	격분하여	누구보다도 신뢰하고 있던 부관의 배신에 크게 격분했다.	격분했다	격분한 마음을 가라앉히기 위해 갖은 애를 썼다.	격분한	격분하여 그의 이름을 외치는 나를 뒤로하고 떠나갔다.	격분하여
경악하다	고립된 섬에 살인마가 있다는 사실에 주민들은 경악하였다.	경악하였다	경악하는 친구 앞에서 나는 침착하게 사건의 전말을 되짚었다.	경악하는	나의 경악스러운 순간까지 사랑하려고 노력하지 않아도 됩니다. 	경악스러운	고질적인 구조에 경악하며 이런 게 사회라면 부적응자로 살겠다고 다짐했다.	경악하며	사건 현장에 경악하는 사람들 사이 진범은 태연하게 자취를 감췄다.	경악하는	눈앞에서 벌어지는 연속적인 사건들에 모두 경악을 금치 못했다. 	경악
노발대발	집필에 집중하는 기간 동안 그 작가는 사용인들의 사소한 실수에도 노발대발하였다. 	노발대발하였다	생전 그렇게 노발대발하는 어머니를 본 적이 없어 어쩔 줄을 몰랐다.	노발대발하는	나의 갑작스러운 유학 결정에 노발대발하며 반대하셨다.	노발대발하며	고향어른들은 항상 나에게 예의가 없다며 노발대발하였다. 	노발대발하였다	노발대발하는 수학 선생님을 똑바로 쳐다보고 있는 그 아이의 기세는 실로 대단했다. 	노발대발하는	가주는 자신의 지시를 거스른 가신들에게 노발대발하며 경고했다. 	노발대발하며
공포	꺼림찍한 냄새와 함께 생전 경험해보지 못한 공포를 느꼈다. 	공포를 느꼈다	나는 이따금 찾아오는 공포스러운 고독함을 가장 경계해야 했다. 	공포스러운	공포영화를 볼 때면 되려 살아있음을 자각했다. 	공포	공포의 떠는 그의 모습은 실로 볼 만 했다.	공포에 떠는	그는 극도의 공포에 휩싸여 내가 건네는 말조차 들리지 않는 것 같았다. 	공포	어린시절 각인된 공포는 오랜 시간이 지나도 극복하기 힘들다.	공포
노하다	믿었던 동지들의 배신에 장군은 어느때보다도 크게 노했다.	노했다	노한 외침은 집 밖까지 퍼져 온 마을을 울렸다.	노한	밀밭을 뒤덮는 화염처럼 순식간에 노하여 미처 말릴 새 조차 없었다.	노하여	이장님이 노하기라도 하는 날에는 집에만 있어야 했다.	노하기라도	노한 황태자는 시종을 고문하며 그 분노를 잠재우곤 했다. 	노한	크게 노하여 깨달음을 얻기 전까지 돌아오지 말라는 유배를 내렸다.	노하여
분노하다	무엇보다도 최선을 다해 노력하지 않은 자신에게 분노했다. 	분노했다	분노한 그를 가라앉히기 위해 그곳에서 데리고 빠져나왔다.  	분노한	원혼은 분노하여 대대로 이어질 저주를 남겼다.	분노하여	십여년간 회사에 헌신한 그녀에 대한 태도에 분노했다. 	분노했다	다수의 분노에 정신이 흐려지는 순간을 무엇보다도 경계해야 한다. 	분노	분노를 올바르게 발산한다면 때론 좋은 동기부여가 되기도 한다.	분노
성나다	성이 나서 제 마음도 모르고 울려대는 타이머를 노려보았다.	성이 나 	성난 듯 내리는 소나기를 받아내기에 내 우산은 너무 연약했다.	성난	제 이야기처럼 성나고 억울하여 눈물이 쏟아졌다.	성나고	성난 황소처럼 달려드는 그를 향해 총을 겨눴다.	성난	성이 나 애꿎은 나를 위아래로 훑어보더니 나에게로 비난의 화살을 돌렸다.	성이 나 	부당한 처지에 성을 내보기는 커녕 체념하여 아무 말 없이 끄덕이고 있었다. 	성을 내보기
소름끼치다	고난 속에서도 만개한 찬란한 재능에 소름끼쳤다.	소름끼쳤다	꿈에 그리던 작품을 실현하였을 때의 소름끼치는 감각을 아직까지도 잊을 수 없다. 	소름끼치는	본인을 평가하는 듯한 시선에 소름끼쳐 그 공간에 한 순간도 더 머무르고 싶지 않았다. 	소름끼쳐	타국의 음침한 계략에 소름끼칠 지경이었다. 	소름끼칠	금이 가 있던 지지대가 소름끼치는 소리를 내며 끊어지기 시작했다. 	소름끼치는	목덜미에 돋은 소름을 애써 매만지며 평정심을 유지하려 애썼다.	소름
혼비백산하다	라이터를 들고 불을 붙이려는 괴한에 승객들은 모두 혼비백산했다.	혼비백산했다	혼비백산하는 와중에도 중요한 서류들을 모두 챙긴 지도자에 감탄했다. 	혼비백산하는	제 신발이 벗겨진 줄도 모른 채 혼비백산하여 달아나는 선비를 지켜보았다.	혼비백산하여	장내는 혼비백산하여 빠져나가려는 사람들로 가득했다.	혼비백산하여	약혼자를 밀쳐가며 혼비백산하는 사람이랑 결혼하면 후회할거야. 	혼비백산하는	귀신의 집에서 혼비백산하며 뛰쳐나오는 이가 반이었다. 	혼비백산하며
화나다	주최 측의 부실한 관리로 진심을 다한 작품이 일방적으로 훼손당했다는 사실에 화났다.	화났다	불의를 참지 못한 나의 화난 모습에 그제서야 동조하는 방관자들이 역겨웠다. 	화난	피해자처럼 구는 가해자의 모습이 변호사를 더욱 화나게 만들었다.	화나게	반성의 기미도 없이 건성으로 구는 태도가 화를 부추겼다. 	화를 부추겼다	제 자식이 눈물을 흘리며 화내는 모습에도 전혀 요동하지 않는 모양이었다. 	화내는	엉성한 일처리에 기가 차다 못해 화날 지경이었다. 	화날
감흥	주제에 부합하지 않는 작품들의 모임은 아무런 감흥도 불러일으키지 못했다.	감흥을 불러일으키다	수많은 죄악을 저질렀기에 그 죄수는 살인에 대한 재판을 받으면서도 아무런 감흥이 없었다.	감흥이 없다	나와는 상관 없는 얘기네요, 하고 커피를 한 모금 넘겼다. 어느순간부터 타인으로 규정한 사람의 일에는 감흥이 나지 않았다. 	감흥이 나지 않았다	감흥없이 반복되는 일상이 무료할 정도였다.	감흥없이	감흥에 겨워 	감흥	전시장에 채워진 각 작품들마다 감흥이 달랐다. 	감흥
뭉클하다	나를 걱정한 단 한 사람의 공백을 떠올리면 항상 가슴이 뭉클하다.	뭉클하다	씩씩하게 잘 자란 아이를 바라보면 언제나 뭉클한 마음뿐이었다.	뭉클한	여전히 어릴 적 들었던 자장가를 들으면 가슴이 뭉클하여 눈물을 훔쳐야 했다.	뭉클하여	무심하게 자신을 배려하는 친구의 행동에 뭉클했다. 	뭉클했다	뭉클한 마음으로 무대에 오른 아이들을 바라보았다.	뭉클한	마이크 앞에 선 그녀는 뭉클함이 밀려오는지 말을 이어나가기 힘들어허보였다.	뭉클함
애틋하다	떠날 때가 되니 자신이 일상이 되어버린 공간이 그저 애틋하였다. 	애틋하였다	망설임없이 보내주면서도 애틋한 눈길 한 자락을 보낸 당신을 하루도 잊지 않고 있습니다.	애틋한	마지막 인사를 나누며 자신이 가장 사랑했던 사람을 애틋하게 쓰다듬었다. 	애틋하게	편지로만 안부를 묻는 사이였으나 누구보다도 애틋했다. 	애틋했다	모르는 사람들이 자신을 애틋하게 바라보는 시선이 부담스러웠다. 	애틋하게	다가갈 수 없는 상황에 절망하며 애틋하게 창문을 매만졌다. 	애틋하게
연모하다	온 힘을 다해 연모하였기에 되돌아보았을 때 후회는 없었다. 	연모하였기에	깊이 연모하는 마음을 감출 길 모르겠네	연모하는	추앙하는 저들의 꼴은 순수한 연모를 넘어선 숭배였다. 	연모	저녁 즈음 문 앞에 연서를 놓고 가는 둥 연모하는 마음을 숨길 의지조차 없어보였다. 	연모하는	목숨을 바침으로서 당신이 살아있어주니 그저 기쁘시다며 깊이 연모하신다는 말을 전해달라 하셨습니다.	연모하신다는	연모의 불길을 사그라들지 않아 다시금 얼굴을 보아야만 살 수 있을 것 같았다.	연모
황송하다	처음 받아보는 호화로운 서비스에 황송했다.	황송했다	분에 못 이겨 난동을 부린 것 치고 화풀이 대상이 도적이었다는 이유만으로 난봉꾼은 황송한 대우를 받았다.	황송한	망설임없이 허리를 굽혀 감사를 표하는 사람들에 되려 황송하여 나 또한 허리를 굽혔다.	황송하여	가능성 하나만으로 아낌없이 응원을 보내는 후원자들이 그저 황송했다. 	황송했다	분에 넘치는 것을 받는다며 황송하여 손사래를 쳤다.	황송하여	사절단은 귀한 비단을 바치며 황송한 마음을 조금이라도 표현해보고자 하였다며 아부를 떨었다. 	황송한
가소롭다	나를 다 이해한다는 그 섣부른 공감과 위로가 가소로웠다.	가소로웠다	가소롭지만 당찬 신입의 패기에 모두들 고개를 돌렸다.	가소롭지	말이라도 한 번 걸고자 시도하는 사람들을 가소롭게 여겼다. 	가소롭게	자신은 이제 다 컸다며 간섭하지 말라고 성질을 내는 것이 그저 가소로웠다. 	가소로웠다	목적을 가지고 시작되는 우정은 가소롭기 그지없다.	가소롭기	가소롭게 여긴 것 치고는 그는 꽤나 난항을 겪었다. 	가소롭게
가책	모두를 배반했다는 가책에 시달렸다. 	가책에 시달렸다	이전과 다름없는 다정한 태도에 양심의 가책을 느꼈다.	가책을 느꼈다	어디 양심의 가책만큼 외면하기 쉽고, 거스르기 어려운 것이 있던가요.	가책	실수로 인해 큰 민폐를 끼친 것 같아 몹시 가책이 되었다. 	가책	선임으로부터 받은 심한 가책이 채 가시질 않아 매일 두통을 달고 살았다. 	가책	어머니를 잃은 날을 회상하기만 하면 가책에 시달렸다.	가책
거북하다	사람에게 순위를 매겨 품평하는 말들을 듣기 거북했다.	거북했다	무례하고 거북한 태도에 덩달아 인상을 찌푸렸다. 	거북한	머리 아플정도로 향이 가득 찬 공간이 거북하여 자리를 옮겼다. 	거북하여	길거리에서 들리는 선을 넘는 욕설은 듣기 거북하다. 	거북하다	불쾌한 체취로 가득한 공간이 거북해 재빨리 빠져나왔다.	거북해	거북한 속을 달래려 물을 연신 삼켜댔다. 	거북한
고깝다	내가 받은 상처는 보이지도 않는 듯 다가오는 그가 참으로 고까웠다. 	고까웠다	필요할 때만 연락하는 친구가 고깝다는 생각이 들었다. 	고깝다	자신을 고깝게 쳐다보는 상대를 빤히 바라보았다. 	고깝게	자신을 아랫사람 대하듯 구는 태도가 몹시도 고까웠다.	고까웠다	사춘기 때에는 제 의사와 상관없이 모든 것이 정해져 있는 상황에 대해 고까운 생각이 들기 마련이다.	고까운	공정한 과정을 거쳐 선발되었으니 행여나 고깝게 여기지는 말았으면 하네. 	고깝게
꺼리다	그는 잠행을 나왔기 때문에, 신원을 밝히는 것을 꺼렸다.	꺼렸다	며칠 전 심하게 탈이 난 시녀는 길거리 음식을 꺼리는 기색이었다. 	꺼리는	신께 맹새코, 양심에 꺼릴 행동은 하지 않았습니다. 	꺼릴	내 친구는 낯을 많이 가려서 타인과의 접촉을 꺼리는 편이다. 	꺼리는	정의를 위한 일이기는 하나 폭력을 휘두르는 것은 못내 꺼리는 기색이었다. 	꺼리는	새로운 도전에 꺼릴 새도 없이 현장에 뛰어들어 맡은 일을 해내야만 했다. 	꺼릴
떫다	그의 정인이 약조한 기간이 지났고, 집 마당의 열매는 아직 떫었다. 	떫었다	원하던 것을 얻어내지 못해 떫은 표정이었다. 	떫은	그 기사는 국기를 향해 떫은 웃음을 한 번 짓고는 돌아섰다. 	떫은	떫은 커피를 만드는 떫은 표정의 바리스타를 마주하는 것을 가식적이라고 생각하게 되는 순간이 두렵다.	떫은	오랜만의 재회였지만 떫게만 느껴지는 대화가 그저 우리 사이에 부유하고 있을 뿐이었다. 	떫게	잎의 떫은 맛이 되려 식욕을 돋군다. 	떫은
마땅찮다	불행의 무게가 너무나 막중해서, 도움을 구하는 것 조차 마땅찮았다.	마땅찮았다	그리던 고향을 밟은 것 치곤 그는 마땅찮은 표정을 지었다.	마땅찮은	무례한 사람들이 나를 마땅찮게 보는 것을 알면서도 지금은 참아야 했다.	마땅찮게	이주민에 대한 마땅찮은 태도는 누군가에게 큰 상처가 되곤 한다. 	마땅찮게	함께 시간을 보내기에는 언제나 어긋나고 마땅찮은 일정이 원망스러울 지경이었다.	마땅찮은	사회가 애써 외면하는 사람들은 도움을 구하기도 마땅찮았다. 	마땅찮았다
불만족하다	일정을 최대한 여유롭게 잡은 계획조차 그는 불만족했다.	불만족했다	불만족스러운 표정에 나 또한 사기를 잃었다.	불만족스러운	전광판에 떠오르는 새로운 화보사진을 팔짱을 낀 채 불만족스럽게 바라보고 있었다. 	불만족스럽게	불만족스러운 마음을 밖으로 꺼낸 후에 이어지는 타인의 평가가 내지는 견적을 내리는 듯한 상황이 두렵다. 	불만족스러운	불만족스러웠지만 마땅한 해결책이 없었기에 쓴웃음을 지으며 그 제안을 수락했다.	불만족스러웠지만	불만족하다는 그 건방진 태도에 음식을 더 내오려는 마음조차 사라졌다. 	불만족하다
서러워하다	인지부조화 내지는 언제나 겉도는 자신의 처지에 서러워했다. 	서러워했다	땅을 울릴 듯 서러워하는 울음도 떠나는 이를 붙잡기에는 부족했다. 	서러워하는	계속 서러워하게 있도록 둘 수는 없어 따뜻한 차를 건네며 다가갔다.	서러워하게	그 지원자는 한 번만이라도 기회를 달라며 몹시 서러워했다. 	서러워했다	나도 언니랑 함께 놀고 싶다며 서러워하는 동생을 두고 떠나려니 마음이 무거웠다. 	서러워하는	그는 늘 자신의 처지를 원망하며 서러워했다. 	서러워했다
설워하다	부친의 억울한 죽음을 되돌릴 수조차 없어 몹시 설워하였다. 	설워하였다	제 결정에 설워하는 나를 두고 떠났다. 책임지지 않을 바엔 함부로 달래지 말라는 나의 말을 지독히도 잘 듣는 사람이었다. 	설워하는	죄를 뒤집어 쓴 신세를 설워하며 식음을 전폐하였으나 들어주는 이 하나 없었다.	설워하며	생을 함께한 날보다 그러지 못하는 날들이 더 길다는 사실에 설워했다.	설워했다	괴물 가문이라며 낙인찍힌 사실에 대해서 설워했다. 	설워했다	생전에 유산 하나 남겨주지 못하는 당신의 처지를 설워하시곤 했다.	설워하시곤
싫증나다	제 멋대로 의미를 부여하고 의무를 강요하는 사람들에게 싫증이 났다.	싫증이 났다	가지고 있던 것들에 싫증난 아이는 물건을 마구잡이로 던지기 시작했다.	싫증난	나의 처지 한탄이 싫증날 법 함에도, 내 친구는 묵묵히 자리를 지켜주었다.	싫증날	온갖 장난감을 던지며 싫증내는 그 모습은 온데간데없고 차분히 앉아 책을 읽고 있었다. 	싫증내는	서로에게 싫증날대로 싫증난 사이에도 사랑이 분명 존재했다면 거짓일까? 	싫증난	작은 아이가 아무리 같은 질문을 해도 싫증나지 않는 감각이 생경했다. 	싫증나지
심란하다	이미 굳게 닫혀버린 마음을 돌릴 방안을 통 알 수가 없어 심란하였다. 	심란하였다	심란한 마음의 무게가 너무나 막중하여 옴짝달싹하지 못할 때가 있다. 	심란한	심란하여 작은 가방을 들고 무작정 밖으로 나왔다. 집에만 있으면 나아가지 못할 것 같았다. 	심란하여	최종 발표가 몇 시에 나올지 몰라 마음이 심란해서 무엇도 손에 잡히질 않았다. 	심란해서	심란할 때는 항상 똑같은 활자가 적힌 책을 여러 번 읽으면 도움이 된다.	심란할	약속한 날이 다가올수록 괜히 심란해지는 것이 싫어 무작정 여행을 떠났다. 	심란해
어처구니없다	그제서야 내 편을 드는 사람들이 스멀스멀 기어나왔다. 모든 상황이 정말 어처구니없다. 	어처구니없다	상황을 이렇게 만든 주범들이 가만히 앉아 큼큼대는 것이 참으로 어처구니가 없었다.	어처구니가 없었다	순식간에 변모한 대중의 태도가 너무 어처구니없어 대응할 필요성조차 느끼지 못했다. 	어처구니없어	나를 버릴 땐 언제고 앞에서는 어쩔 수 없었다는 듯 오열하는 모습이 어처구니없었다.	어처구니없었다	어처구니없게만 다가오는 현실을 마주하고 섰을 때의 당혹감은 이루 말할 수 없다.	어처구니없게	동료의 어처구니없는 솜씨에 경악을 금치 못했다. 	어처구니없는
언짢다	연초 사주를 보며 돈을 내고 혼나는 것 같아 속이 언짢았다. 	언짢았다	상부의 지시로 나를 도와주는 게 못내 언짢은 듯, 서류를 툭 툭 내려놓았다. 	언짢은	가만히 앉아 고개만 끄덕이는 모습이 적지않게 언짢아 보였다. 	언짢아	제 딴에는 선배랍시고 이리저리 나서는 꼴이 보기 언짢았다. 	언짢았다	기억나지 않는 순간부터 계부는 나의 존재를 언짢게 여겼다. 	언짢게	그 사무관은 언짢은 표정으로 내가 내민 종이를 받었다. 	언짢은
우려하다	지대가 낮은 곳에 거주하는 사람들은 매 여름 마다 침식을 우려했다. 	우려했다	우리의 역사를 부정하는 결정을 내린 정부에 대한 우려하는 목소리가 커지고 있다. 	우려하는	본국의 경쟁력이 떨어질 것을 우려하여  각 국의 독립을 필사적으로 막아야 했다. 	우려하여	시대를 앞서가는 사상에 그 사업가가 되려 위협을 받을까 우려했다. 	우려했다	가족들의 우려하는 모습은 든든하기도 하지만 내가 망설이게 되는 요인이기도 하다. 	우려하는	홀로 지내는 나를 우려하며 반찬 여러개를 챙겨 주셨다. 	우려하며
유감	심려를 끼쳐 드려 유감으로 생각합니다. 	유감	유감스러운 마음에 드리는 선물이니, 괘념치 말고 받아주세요.	유감스러운	저 또한 그쪽에 유감이 많습니다. 	유감	이번 인사평가에서 승진을 하지 못해 유감스러운 마음이었다. 	유감스러운	당신은 이야기라도 해보려는 저더러 우리 관계가 이렇게 된 게 유감스럽다는 말만 했지만 사실은 저 또한 그랬습니다. 	유감스럽다	지켜보는 내가 다 유감스러워지는 애매한 재능이 있다. 	유감스러워지는
절절하다	유리벽 하나를 두고 나누는 안부인사는 무척 절절했다. 	절절했다	절절한 이별도 그저 포장했을 뿐인 이별이라는 것을 너무 늦게 깨달았다.	절절한	매일 오던 연락도 마지막이라고 생각하니 절절하게 다가왔다. 	절절하게	몇 개월 만에 만나서 받은 편지의 내용은 몹시 절절했다. 	절절했다	제가 제 이야기를 많이 하긴 했지만, 그저 절절한 마음으로 다가오는 사람들이 부담스러워요.	절절한	자신에게 한 번만 더 기회를 달라며 무릎을 꿇고 절절하게 애원했다. 	절절하게
창피하다	사활을 걸던 프로젝트에 실수가 있다는 사실이 무척 창피했다.	창피했다	제가 저지른 짓에 대해 깊이 반성하고 있으며, 내내 창피한 마음으로 살아가겠습니다. 	창피한	최선을 다하지 않았다는 사실이 창피하여 고개조차 들지 못했다. 	창피하여	그러니까 우리는 존재하지도 않는 허상에 창피하고 멍청하게 놀아난거지? 	창피하고	나한테 이런 모습을 보이게 된 것이 몹시 창피해보였다.	창피해	아버지의 어리석은 선택은 내 얼굴이 다 화끈거리고 혈연인 것이 창피하게 여겨질 정도였다. 	창피한
후회하다	그 지도자는 자신의 선택을 깊이 후회했다. 	후회했다	되돌일 수 없다는 걸 알면서도 후회하는 사람의 등만큼 초라한 게 있을까.	후회하는	다시는 그러지 않겠다고 다짐하고, 크게 후회하며 나아가는 수 밖에 없었다. 	후회하며	상황을 차분히 파악하지 않고 섣부르게 선택한 것을 크게 후회했다.	후회했다	너는 언제나 뒤늦게 후회하는 모습을 보란듯이 보여주곤 했다.	후회하는	지난 날의 잘못을 후회하더라도 그 순간에 잠식되거나 매모로디지는 말아야 한다.	후회하더라도
낯뜨겁다	낯 뜨거운 모습을 드러냈을 때, 기이하게도 가장 큰 소속감을 느낀다. 	낯 뜨거운	눈으로 보고 있어도 믿기 힘든 낯뜨거운 일이었다. 	낯뜨거운	낯 뜨거워 그 자리를 박차고 나갔다. 	낯 뜨거워	그는 돌연 생각을 달리하였는지 나에게 낯 뜨겁게 굴었다.	낯 뜨겁게	그 연인은 장소를 가리지 않고 낯 뜨거운 애정행각을 나누어 여러 번 곤혹스러운 일을 겪었다.	낯 뜨거운	바라보기만 해도 낯 뜨겁다며 손으로 부채질을 하곤 자리를 떴다. 	낯 뜨겁다
기고만장하다	어떤 사람이건 한 번 권력을 쥐면 기고만장해진다. 	기고만장해진다	제 실력이 아니라 청탁으로 얻은 상패를 안고 있는 기고만장한 그를 마주하고 있으니, 분노가 끓어올랐다.	기고만장한	기고만장하여 나를 가르치려 드는 꼴이 몹시 아니꼬웠다. 	기고만장하여	함꼐 노력한 성과를 모두 자신의 공로로 여겨 기고만장하며 돈을 흥청망청 써댔다. 	기고만장하며	기고만장하게 구는 사람들의 모습은 미성숙하게 보인다.	기고만장하게	기고만장하는 순간에 생각치 못한 실수가 드러나길 마련이다.	기고만장하는
비장하다	어느때보다 비장하였다. 	비장하였다	막대한 책임감과 비장한 각오로 책상에 앉았다. 	비장한	어딘가 비장해 보이는 그를 지나쳤다. 	비장해	신기술을 발표하는 자리에서 사회자는 누구보다도 비장했다. 	비장했다	그 군인은 돌아오면 할 일들에 대해서 한참을 이야기하다가 비장하게 떠났다. 	비장하게	비장한 각오로 시작하는 사람들은 일찍 지치기도 한다.	비장한
아슬아슬하다	황제의 분노가 누구를 향할 지 몰라 분위기는 긴장을 놓을 수 없었고 몹시 아슬아슬하였다. 	아슬아슬하였다.	생사가 달린 아슬아슬한 상황 속에서도 침착을 유지하는 선생님이 존경스러웠다. 	아슬아슬한	떨리는 손으로 공부하는 그녀는 벼랑 끝에 선 듯, 아슬아슬해 보였다. 	아슬아슬해	사람들을 제치며 숨이 모자랄만큼 빠르게 달렸지만 시간이 아슬아슬했다. 	아슬아슬했다	아슬아슬해 보이지만 절대 무너지지 않은 돌은 관광명소가 되었다.	아슬아슬해	일말의 희망 없이 절망감을 갖고 임한 내 첫 수술은 아슬아슬하게 성공했다. 	아슬아슬한
애끓다	누구도 자신을 믿어주지 않아 그는 몹시 애끓었다.	애끓었다	애끓는 마음을 애써 외면하였다. 	애끓는	애끊게 울부짖는 배우의 연기를 보고 나도 모르게 눈물을 흘렸다. 	애끓게	그의 회피적인 성향은 나를 애끓게 만들었다. 	애끓게	그의 애끓는 눈동자에는 오직 나만이 존재했다. 	애끓는	약간의 취기와 지금이 마지막 만남일 수도 있다는 불안감이 두 사람을 애끓게 만들었다.	애끓게
역정	기나긴 역정을 거치고 마침내 도달한 조국이었다. 	역정	그 허수아비 황제는 충언을 건넨 신하에게 역정을 내었다. 	역정	이도저도 못하는 상황에 그 지도자는 역정이 많이 난 듯 하였다. 	역정	할머님께서는 역정을 내는 자신의 아이를 슬픈 눈으로 그저 바라볼 뿐이었다. 	역정	그는 자신의 역린에 대해 일말의 언급이라도 하는 사람에게 크게 역정을 내곤 했다.	역정을 내곤	직원은 역정을 내는 손님의 이야기를 그저 듣고 있었다. 	역정을 내는
조마조마하다	그 신입은 자신의 실수가 드러날까 조마조마하였다. 	조마조마하였다	조마조마한 마음을 가라앉혔다.	조마조마한	조마조마하여 쓰러지지 않게 버티는 것이 고작이었다.	조마조마하여	실수를 들킬까 조마조마한 마음뿐이었다. 	조마조마한	조마조마한 마음으로 엄격한 상사에게 검토받을 서류를 준비했다. 	조마조마한	겨우 단상대에 오른 발표자를 조마조마하게 바라보았다. 	조마조마하게
조바심	일정에 차질이 생길까 조바심을 냈다. 	조바심을 냈다	이전과 같은 습격이 계속될 것 같아 조바심으로 몸을 떨었다. 	조바심	누군가 자신을 알아볼까 하는 조바심에 전전긍긍하였다. 	조바심	이전의 당당함은 온데간데없이 조바심을 감추려고 노력하는 모습이 안타까워 보일 정도였다. 	조바심	눈길로 시계 초침이 움직이기라도 하는 듯 재차 확인하며 조바심을 냈다. 	조바심을 냈다	의료진을 붙잡으며 울부짖는 그는 조바심을 감추려는 여유조차 없어보였다. 	조바심
가련하다	늙고 초라한 그의 모습은 참으로 가련하였다. 	가련하였다	가련한 상황 속에서도 포기하지 않는 당참이 빛났다.	가련한	자신의 처지가 가련하여 술을 들이켰다.	가련하여	사람을 경계하는 모습이 더욱 가련했다. 	가련했다	가련한 모습에 손을 내밀어주지 않을 수 없었다. 	가련한	비를 맞고 있는 모습이 한없이 가련해 보였다. 	가련해
가엾다	의지할 곳 하나 없이, 홀로 남겨진 친구의 상황이 가엾다. 	가엾다	가엾은 사람한테 함부로 정을 주지 말아야 한다.	가엾은	홀로 떠나기 위해 짐을 싸는 과정조차 한없이 가엾어 보였다. 	가엾어	자신을 사랑해주는 사람이라고는 존재하지 않는 것 같다며 가엾게 울었다. 	가엾게	가엾은 친구의 상황에 나도 모르게 눈물이 흘렀다.	가엾은	하루사이에 가족을 모두 잃은 사촌동생이 가엾어 보였다.	가엾어
겸연쩍다	흡연자인 것은 알고 있었으나, 함께 담배를 피우기는 어딘가 겸연쩍었다.	겸연쩍었다	그녀는 겸연쩍은 얼굴로 초대장을 받아들고 떠났다.	겸연쩍은	겸연쩍게 웃으며 말을 건네는 모습에 웃음이 나왔다.	겸연쩍게	그 일이 있은 후에 우연히 만나기라도 하는 날이면 겸연쩍게 자리를 피했다. 	겸연쩍게	겸연쩍은 웃음과 함께 등장한 그는 모두의 관심을 받았다.	겸연쩍은	자신이 생각했을 때도 스스로가 겸연쩍은지 목을 매만졌다.	겸연쩍은지
머쓱하다	이렇게 격식있는 자리에서 사람들을 마주하니 머쓱하였다. 	머쓱하였다	핀잔을 잔뜩 들어 머쓱한 모양이었다.	머쓱한	신나게 학창시절 이야기를 하다 머쓱하게 나를 바라보았다. 	머쓱하게	그녀는 할 말이 없어지면 머쓱하게 짧게 자른 뒷머리를 쓱쓱 매만지곤 했다. 	머쓱하게	진심이라는 것이 본디 눈길 하나에서 티 나는 법이라며 머쓱해했다.	머쓱해했다	자신에 대한 칭찬만이 이어지는 대화의 흐름이 머쓱한 듯 주제를 돌리려고 했다. 	머쓱한
동정하다	이전의 나와 겹쳐보이는 그녀를 동정했다.	동정했다	그의 처지에 동정하는 마음으로 짧은 위로를 건네었다. 	동정하는	내 너를 동정하여 곁을 내어주었거늘, 이리 보답하는구나.	동정하여	동정하는 눈빛이 좀 잠잠해지다 싶었더니 이젠 가해자 취급을 받네요.	동정하는	필요 이상의 동정은 무례가 될 수도 있다.	동정	얼굴 한 번 마주해보지 않은 상대에게 동정심이 일었다. 	동정심
불쌍하다	말 하나에 일희일비하는 스스로가 불쌍했다.	불쌍했다	불쌍한 사람들은 서로를 도우며 위기를 현명히 헤쳐나갔다. 	불쌍한	비를 맞으며 오지 않을 이를 기다리는 모습이 불쌍하게 보였다. 	불쌍하게	구멍 뚫린 운동화를 기워서 몇 년간 신고 있는 모습은 불쌍했다.	불쌍했다	그녀는 불쌍한 척을 하며 자신이 원하는 대로 상대방을 주무르곤 했다. 	불쌍한	불쌍하지도 않냐며 바락 화를 낼 때면 몹시 당황스러운 것이었다.	불쌍하지도
멋쩍다	화해는 했지만, 한 자리에서 보니 괜히 멋쩍었다.	멋쩍었다	이제서야 대답하는 스스로가 멋쩍은지 내 눈치를 살폈다. 	멋쩍은	곤란한 질문에 멋쩍어 하며 시선을 피했다. 	멋쩍어	동창들을 다시 보기 멋쩍었는지 그는 동창회에 참석하지 않았다.	멋쩍었는지	멋쩍은 웃음을 보이며 교실을 나선 후에는 그를 본 사람이 없었다. 	멋쩍은	멋쩍게 거절하나 싶더니 초대장을 휙 낚아채곤 사라졌다.	멋쩍게
샐쭉하다	성미에 차지 않았는지 몹시 샐쭉하였다. 	샐쭉하였다	직원은 적은 팁을 받고선 샐쭉한 표정을 지었다.	샐쭉한	정인을 마주한 그녀는 수줍은 듯 샐쭉하며 연하게 웃었다. 	샐쭉하며	입술을 샐쭉하고 웃으며 나한테 다정하게 말을 걸었다. 그녀만의 부탁 방법이었다.	샐쭉하고	다른 사람들이 가득한 연회장에서는 샐쭉하며 나를 모른체하였다. 	샐쭉하며	내가 건넨 손수건을 받으며 표정은 샐쭉하였지만 내심 좋아하는 것 같았다. 	샐쭉하였지만
싱숭생숭하다	4년간 몸담았던 곳을 떠나며 몹시 싱숭생숭하였다.	싱숭생숭하였다	싱숭생숭한 마음까지 모두 캐리어에 담았다. 	싱숭생숭한	싱숭생숭하여 가만히 강의 윤슬을 바라보고 있던 참이었다.	싱숭생숭하여	그녀를 떠나보내고도 찾아오는 봄이라는 계절의 설렘에 싱숭생숭했다.	싱숭생숭했다	그녀는 나고 자란 지역을 떠나며 싱숭생숭한 기분이 들었다.	싱숭생숭한	다른 진로를 결심한 후에 인사를 하고 싱숭생숭하게 학원을 나왔다. 	싱숭생숭하게
쑥스럽다	이런 식으로 재회하게 되어 쑥스러웠다.	쑥스러웠다	쑥스러운 속내를 감추고 악수에 응했다.	쑥스러운	쑥스럽게 상패를 받아들었다.	쑥스럽게	자신에 대한 미담을 읽어야 하는 상황이 몹시 쑥스러웠다.	쑥스러웠다	쑥스러운지 아무 말 없이 고개만을 끄덕일 뿐이었다.	쑥스러운지	자신에 대한 칭찬을 들으면 얼굴이 붉어지며 쑥스러워했다.	쑥스러워했다
아쉽다	간만의 만남이었지만, 혼자만의 시간이 침범받은 느낌이 들어 내심 아쉬웠다. 	아쉬웠다	시계를 한 번 쳐다보고서 아쉬운 마음으로 일어섰다. 	아쉬운	저는 아쉽게 헤어지면 다음 만남을 앞당기게 되던데요.	아쉽게	불모지에서 만난 사람처럼 반가운 친구와의 헤어짐은 너무나도 아쉬웠다.	아쉬웠다	가족과의 재회는 아쉬워하는 시간조차 빠르게 흘렀다. 	아쉬워하는	앞으로의 앞날에 대해서는 아쉽게도 다음을 기약해야 했다. 	아쉽게도
안쓰럽다	홀로 남겨진 동생이 안쓰러웠다.	안쓰러웠다	나는 당신의 안쓰러운 애정조차 갈망했다. 	안쓰러운	토악질을 해 대는 아이의 등을 안쓰럽게 토닥였다. 	안쓰럽게	갈 곳조차 없어 길에서 시간을 보내는 모습이 안쓰러웠다.	안쓰러웠다	자신의 안쓰러운 처지를 내세우며 원하는 것을 얻어내곤 했다. 	안쓰러운	명왕성은 퇴출되기 전 날, 안쓰럽게 빛났다.	안쓰럽게
안타깝다	열심히 준비했지만 우승하지 못한 것이 안타까웠다.	안타까웠다	안타까운 마음으로 바닥에 떨어진 책을 집어들었다. 	안타까운	안타깝게도, 제 최선은 여기까지입니다.	안타깝게도	자신의 무지를 인식조차 하지 못하는 모습이 안타까웠다.	안타까웠다	진심으로 안타까워하며 나를 응원해주는 친구가 있어 버틸 수 있었다.	안타까워하며	사람 하나 찾아오지 않는 죽음이라니. 안타까운 마음으로 고인의 장례를 정성껏 치뤘다. 	안타까운
애도하다	유족들은 고인을 깊이 애도했다.	애도했다	묘를 닦고, 기록을 남기고, 추억을 회상하듯 애도하는 방법은 다양하다. 	애도하는	살아생전 천사라는 별명을 가졌을 만큼 애도의 물결이 끊이질 않았다. 	애도	애도의 밤이 시작되면 망자들 또한 살아생전 지냈던 곳으로 향한다.	애도	애도하는 각자의 방식은 존중받아야 함이 마땅했다.	애도하는	남몰래 눈물을 흘리며 마음깊이 애도했다. 	애도했다
여한	생전에 여행 한 번 보내드렸으면 여한이 없을 것을	여한	되돌아보면, 나는 이제 죽어도 여한이 없다고 느낀 순간에 가장 행복했다.	여한	소원을 이뤘으니 죽어도 여한이 없다.	여한	산 너머를 바라보는 할머니는 이제 여한이 없다시며 웃으면서 갈 수 있겠다고 하셨다. 	여한	여행을 다녀온 지 일주일이 넘어가는데 아직 여한이 가시지 않았다. 	여한	죽어도 여한이 없다는 표현을 함부로 쓰지 말라고 하셨다. 누가 듣고 데려간다며.	여한
연연하다	우리가 함께 맞은 가을에는 나무 사이의 하늘빛이 연연하였다	연연하였다	자신의 자리에 연연하는 지도자들은 현명한 지도를 펼치지 못한다.	연연하는	사사로운 것에 연연하면 높은 곳에 오를 수 없다.	연연하면	사소한 것에 연연하는 모습조차 사랑스러워 보일 지경이었다.	연연하는	도대체 언제 만나는 거냐며 약속 이야기만 나와도 연연하는 모습이 부담스럽게 느껴지기도 했다.	연연하는	가치가 있는 것들을 죄다 팔아 기어코 작위 하나를 살 만큼 신분에 연연했다.	연연했다
적적하다	항상 함께하던 이가 사라지니 못내 적적하였다.	적적하였다	적적한 집안에 활기를 부여하는 존재였다.	적적한	누구도 자신을 반겨주지 않는 집이 적적하여 식물을 들였다. 	적적하여	조용한 집이 적적하게 느껴지는 날이면 나도 모르게 익숙한 번호를 누를 것만 같아 전원을 꺼 놓곤 했다. 	적적하게	친구들을 불러 요란하게 놀기도 하며 적적한 마음을 달랬다. 	적적한	함께하기로 한 것들을 혼자 해내는 시간은 적적하게만 느껴졌다.	적적하게만
측은하다	고개를 꾸벅이며 조는 모습이 측은하였다.	측은하였다	사정을 모두 듣고 나니 측은한 생각이 들었다. 	측은한	자신을 측은하게 바라볼 뿐, 어떠한 도움도 건네지 않는 사람들	측은하게	측은한 사람들의 눈빛이 존경으로 변하는 순간은 그 무엇보다도 짜릿했다.	측은한	누구보다도 뛰어난 능력을 가진 친구가 이용만 당하는 꼴은 측은하다 못해 화가 날 지경이었다. 	측은하다	전후사정을 모두 듣고 나니 뻔뻔하게 구는 모습조차 측은하게 보였다. 	측은하게
낙담하다	쉴 새 없이 밀려드는 업무에 크게 낙담하였다. 	낙담하였다	낙담할 시간조차 아까우니 다들 일어나.	낙담할	서류 불합격의 소식은 나에게 큰 낙담을 안겨 주었다. 	낙담	낙담하는 기색도 없이 다음 경기를 준비하는 모습을 보고 크게 감명받았다.	낙담하는	원하던 결과를 얻지 못해 낙담하는 친구의 등을 그저 토닥였다.	낙담하는	힘든 세월을 함께 보낸 동료들의 배신에 크게 낙담했다.	낙담했다
낙망하다	땀을 뻘뻘 흘리며 도착한 숙소의 고장난 에어컨에 낙망하였다. 	낙망하였다	실패에 낙망하지 않고 자신을 재정비하기 시작했다. 	낙망하지	낙망하기에는 아직 이르니 차분히 기다려 보자	낙망	그 선생님은 눈물을 쏟아내며 낙망한 학생을 달래주었다. 	낙망한	그저 낙망하기에는 지금까지 노력한 시간이 눈에 밟혀 시원하게 그만두기조차 망설여졌다.	낙망하기	허세로 가득찬 그는 준비하던 시험에서 근거 없는 자만만을 끌어안고 낙망했다. 	낙망했다
낙심하다	자신을 변호할거라 믿었던 친구의 말에 크게 낙심하였다. 	낙심하였다	결과가 모든 노력을 의미하는 건 아니니 너무 낙심하지 말렴	낙심하지	크게 낙심하여 이 곳으로의 걸음을 끊었다. 	낙심하여	자신이 만든 눈사람이 온데간데없자 크게 낙심해 집에 쏙 들어가 버렸다. 	낙심해	동생이 낙심할 것을 생각하자 마음 한 구석이 아려왔다. 	낙심할	낙심하는 빛이 역력한 얼굴을 마주하는 것이 두려워 만남을 미루고만 싶었다.	낙심하는
고립감	모순적이게도, 왁자지껄한 분위기에서 더욱 정서적 고립감을 느꼈다.	고립감	타지에 오게 되어 고립감이 들 수 있으니 우리가 서로를 돌보자.	고립감	고립감을 올바르게 바라보고, 활용할 방법을 찾아보세요.	고립감	정서적 고립감을 느낄 때면 홀로 이 감정을 처리하고만 싶다. 	고립감	누구도 자신을 존중하지 않는 곳에서 겪는 정서적 고립감은 치명적이다.	고립감	내가 느끼는 고립감이 이상하지 않다며 나를 믿어주는 모습이 정말 감동적이었다.	고립감
시름겹다	아이가 죄다 납치당한 그 마을은 병들고 시름겨웠다. 	시름겨웠다	시름겨운 목소리로 나를 깨웠다. 일어나, 가야 돼. 	시름겨운	선배는 아무 말 없이 시름겹게 술을 들이켰다. 	시름겹게	밥조차 거르며 일에 매진하는 모습은 그녀를 더욱 시름겨워 보이게 만들었다. 	시름겨워	시름겨운 목소리로 전화를 건 친구가 너무 힘들어보여서 다 괜찮을 거라는 말밖에 나오지 않았다.	시름겨운	시름겹게 줄담배를 피워대는 그녀의 모습조차 매력적이었다면 실례일까.	시름겹게
상실감	크나큰 상실감에 아이의 어머니는 혼절하였다.	상실감	상실감을 보상하려는 듯 일에 전념했다.	상실감	자신의 커리어가 무너졌다는 상실감에 빠져있었다. 	상실감	나고 자란 환경이라는 태생적인 한계를 느끼며 크나큼 상실감을 맛보았다.	상실감	완경을 겪으며 사회적인 여성상에 대한 상실감으로 많이 힘들어하셨다. 	상실감	말로 표현할 수 없는 상실감에 그렇게 좋아하던 글조차 읽히지 않았다.	상실감
암담하다	자신의 앞에 놓여진 어둡고 불안한 미래가 암담하였다. 	암담하였다	암담한 심정을 알 수는 없겠지만, 들어줄 수는 있어요. 	암담한	들쭉날쭉한 수입에 생계가 암담하게 되었다. 	암담하게	그 시대의 암담함을 예술적으로 담아냈다는 점에서 찬사를 받았다. 	암담함	암담한 표정으로 비틀거리며 걷다 결국 주저앉았다.	암담한	암담할 정도로 텅 비어있는 냉장고가 고인의 마지막을 대변하는 것 같았다.	암담할
암울하다	바람도 통하지 않는 곳에 앉아 공부만 하는 상황이 암울했다.	암울했다	암울한 상황 속에서 추억을 곱씹으며 버텼다.	암울한	이 영화는 환경파괴의 주범인 인류의 미래를 암울하게 그려냈다. 	암울하게	암울한 나와는 달리 유달리 화창한 날이 원망스러울 지경이었다. 	암울한	낯선 환경에서의 무관심은 사람을 암울하게 만들기엔 충분했다. 	암울하게	이전에는 한 번도 본 적 없는 암울한 모습이었다. 	암울한
실망하다	나아지지 않는 현실에 대해 적잖이 실망했다. 	실망했다	애써 미소지었지만 실망한 기색을 감출 수는 없었다. 	실망한	뒤에서 자신을 험담하는 행동에 실망하여 그 이후로는 무엇도 부탁하지 않게 되었다. 	실망하여	다정했던 과거와 달리 확연히 달라진 그의 태도에 크게 실망했다.	실망했다	온갖 기대로 부풀려놓은 표정이 실망하게 변하는 것을 볼 낯이 없었다. 	실망하게	친구가 실망하는 모습을 보니 나도 마음이 좋지 않았다. 	실망하는
음울하다	음울한 표정으로 거대한 벽을 올려다보았다.	음울한	가정에서 보호받지 못한 음울한 유년 시절을 보냈다. 	음울한	음울하게 있기보다는 밖으로 나와 산책이라도 하자.	음울하게	우산에 난 구멍을 발견하자마자 비가 쏟아져 오늘 하루가 음울하게 느껴졌다. 	음울했다	의도한 것은 아니었겠지만, 그는 장내 분위기를 음울하게 만들었다. 	음울하게	음울한 피아노 연주가 그녀에게는 심금을 울리는 위로와도 같았다. 	음울한
참담하다	패전국의 잿더미는 참담하였다.	참담하였다	참담한 생활이 개선될 여지조차 없어보였다.	참담한	참담하게 고개를 떨구고 침묵을 지켰다. 	참담하게	주어진 시간이 얼마 남지 않았다는 사실이 참담했다.	참담했다	전쟁은 끝났지만 참담한 기운이 그 땅에 스며들었는지 음산하게 느껴졌다.	참담한	존중받지 못하고 있다고 느끼기 시작하자 자신의 신세가 참담하게 느껴졌다. 	참담하게
격동되다	분위기는 한없이 격동되었다.	격동되었다	격동되는 마음을 가라앉히기 위해 심호흡을 연거푸 하였다.	격동되는	감정이 심하게 격동될 때에 몸이 사시나무처럼 떨리곤 했다.	격동될	대기실에서도 격동되는 마음이 도무지 가라앉지를 않았다. 	격동되는	새로운 지도가 시작되며 급격한 격동을 겪었다. 	격동	그녀는 격동에 못 이겨 난리를 피우며 방을 난장판으로 만들었다. 	격동
격정	나에게 있어 일탈은 즐거움으로 가득찬 격정의 소용돌이에 빠지는 기분이었다. 	격정	격정을 누르지 못하고 소리를 질렀다.	격정	격정이 치밀어 올라 방을 엉망으로 헤집었다.	격정	그는 격정적인 어조로 상처가 되는 말을 서슴없이 내뱉었다. 	격정적인	그녀는 헝클어진 머리로 등장하여 격정적으로 자신의 억울함에 대해 토로했다. 	격정적으로	예상보다 격정적인 환영에 흠칫하며 뒤로 물러섰다.	격정적인
경탄하다	현명한 통치에 신하들은 경탄하였다. 	경탄하였다	탁월한 일 처리에 경영진들은 그녀의 능력을 경탄해 마지 않았다. 	경탄해	경탄할 정도로 빠른 성장에 혀를 내둘렀다.	경탄할	그녀의 빠르면서도 정확한 손짓에 경탄하게 되는 것이었다. 	경탄하게	적을 해치우는 그 실력에 병사들은 그저 경탄하고 있을 때에 그녀는 이미 그 자리에 없었다. 	경탄하고	고궁의 장엄한 자태에 경탄하며 본격적인 관광을 시작하였다. 	경탄하며
놀라다	갑작스러운 요구에 그 직원은 놀랐다.	놀랐다	자신의 발명품을 보고 놀란 사람들을 보니 뿌듯했다. 	놀란	크게 놀라 말조차 나오지 않았다.	놀라	자신을 훑어보는 불쾌한 시선에 놀라 몸을 작게 떨었다.	놀라	이전에는 보지 못한 거대한 규모에 주위를 둘러보며 놀랐다.	놀랐다	한없이 감정적으로 변한 친구가 도무지 이해가 가지 않고 그저 놀라울 뿐이었다.	놀라울
놀랍다	나를 지켜보기라도 한 듯, 내 과거를 모두 읊는 점술가가 놀랍다.	놀랍다	악담을 내뱉기만 하던 인간이 저렇게 변한 것을 보니 정말 놀랍다.	놀랍다	놀랍게도 성장하는 그녀의 실력은 지금껏 빛을 보지 못한 원석과도 같았다. 	놀랍게도	무엇보다도 내가 잠든 사이에 기술이 이렇게나 발전했다는 것이 놀랍다. 	놀랍다	책장에서 책 정리를 하고 있던 사서는 대뜸 숨겨진 문이 나오자 몹시 놀라웠다.	놀라웠다	한국의 전통을 현대적으로 풀어낸  여럿 관광상품들의 정교함은 그저 놀랍기만 하다.	놀랍기만
정욕	마주할 때 마다, 이루 형용할 수 없는 정욕에 사로잡혔다. 	정욕	정욕을 채우는 데에 급급하여 무엇도 보이지 않는 듯 하였다.	정욕	정욕이나 욕망이 존재하지 않았고 그저 지켜주고 싶다는 순애적 사랑이었다. 	정욕	젊은 날의 정욕을 이기지 못했다는 말은 그저 궁색한 변명같았다. 	정욕	정욕에 사로잡힌 그의 모습이 몹시 실망스러웠다.	정욕	그는 정욕에 사로잡혀 어떠한 주변의 만류에도 또 다시 유흥시설을 찾곤 했다. 	정욕
흥분	마침내 대면하게 되었을 때의 흥분을 잊을 수가 없다.	흥분	스치는 손끝에도 흥분하여 어쩔 줄을 몰라 했다.	흥분	흥분을 가라앉히고 앉아서 이야기 좀 들어줘. 	흥분	차분하다가도 자존심을 건드리는 말만 나오면 곧바로 흥분했다.	흥분	죽은 줄 알았던 황태자가 멀쩡히 살아서 돌아왔다는 소식을 접하고 온 나라가 흥분에 휩싸였다.	흥분	경기장의 흥분을 만끽하였고 몸이 떨리기까지 했다. 	흥분
감개무량하다	환대를 받으며 고향에 돌아오니 감개무량하였다.	감개무량하였다	감개무량한 표정을 지으며 한껏 허리를 굽혀 인사했다.	감개무량한	따스한 환대에 감개무량하여 어떻게든 은혜를 갚겠다 선언했다.	감개무량하여	자신이 꿈꾸던 곳에 서 있는 순간마다 감개무량했다.	감개무량했다	감개무량한 눈망울로 연신 허리를 숙여 감사를 표했다.	감개무량한	자신의 신분에 관계없이 기회를 준 장군의 은혜를 감개무량하게 여겨 목숨을 건 맹약을 맺었다. 	감개무량하게
감복하다	나는 그녀의 꾸준하고 충직한 인내심에 감복하였다.	감복하였다	똑똑한 제자는 슬기로운 스승에 감복하여 학문에 전념했다.	감복하여	자신을 믿어주는 따스한 마음씨에 감복하여 추후 보답을 약속했다.	감복하여	매일같이 정성을 다해 기도를 올리는 모습에 감복하였는지 행운이 잇따르는 일들이 일어나기 시작했다.	감복하였는지	자신을 저버리지 않은 단 하나의 존재에 감복하여 큰 공로를 약속했다.	감복하여	성은에 감복하여 가문 대대로 황제에게 충성을 바치겠다 맹세했다.	감복하여
매혹	생전 처음 경험하는 매혹을 느꼈다.	매혹을 느꼈다	유려한 말솜씨로 사람들을 매혹하는 달변가였다.	매혹하는	중독과도 같은 매혹 속으로 빠져들었다.	매혹	매혹적인 향에 취해 어지러울 지경이었다.	매혹적인	매혹적으로 다가오는 그의 손길에 소스라치듯 놀랐다.	매혹적으로	나를 매혹하려는 의도가 빤히 보임에도 불구하고 매번 넘어가니 미칠 노릇이었다. 	매혹하려는
도취하다	승리감에 마음껏 도취하였다.	도취하였다	탐욕의 황홀경에 도취한 황제는 국정을 돌보지 않았다.	도취한	연주자는 음악에 도취하여 열정적으로 연주했다.	도취하여	도취에 빠져 내가 다가오는 줄도 몰랐는지 커진 눈으로 나를 바라보았다. 	도취	자신의 춤에 흠뻑 도취하여 순간을 즐기는 모습은 정말 인상적이었다. 	도취하여	술 뿐만 아니라 연회장의 그 분위기에 흠뻑 도취했다.	도취했다
반하다	몇 시간에 걸쳐 내가 찾아온 풍경을 마주하자, 첫 눈에 반했다. 	반했다	첫 눈에 반한 사람을 잊어버릴 만큼 바보는 아니라서. 	반한	두 번째 만남에서는 반할 만한 사람이라는 생각이 들었다.	반할	꼭 특별한 순간이 아니더라도 애정이 드러나는 순간에 반하곤 했다.	반하곤	반할 만큼 다정하게 굴지 말라며 애인에게 질책을 듣곤 했다.	반할	우연히 만난 친구의 지인에게 한 눈에 반해 넋이 나가 있었다.	반해
홍취	적당한 의무는 사람의 흥취를 돕는다. 	흥취	흥취를 돋우는 데에는 음악 만한 것이 없지.	흥취	붉은 노을과 윤슬이 흥취를 자아냈다. 	흥취	흥취가 일어나 다 같이 노래를 따라 불렀다.	흥취	흥취를 자아내는 풍경을 벗 삼아 술잔을 기울이곤 했다.	흥취	흥취를 돋우는 구성진 노랫가락에 절로 몸이 움직였다.	흥취
희희낙락하다	성대한 잔치를 벌여 희희낙락하였다.	희희낙락하였다	춤꾼은 희희낙락해서 흙먼지를 일으키며 춤을 추었다. 	희희낙락해서	아이들은 쏟아지는 사탕을 한움큼 안으려고 하며 희희낙락이었다.	희희낙락	자신은 얼마나 복에 겨웠냐며 희희낙락거리는 모습이 꼴볼견이라고 느꼈다. 	희희낙락거리는	희희낙락하며 재잘거리는 모습이 정겹고 즐거워보였다.	희희낙락하며	희희낙락 들떠 도시락 반찬에 대한 이야기를 나누고 있었다. 	희희낙락
그립다	겨울이면 따뜻하게 나를 안아주던 품이 더욱 그립다.	그립다	그리운 사람을 만날 수 없으니 추억이라도 곱씹을 수 밖에요.	그리운	사무치게 그리워 울음으로 밤을 지샜다.	그리워	그톡록 그리워하였으나 막상 마주하게 된다면 알아보지 못할까 두려웠다.	그리워하였으나	그리운 광경은 꿈에서나 마주할 수 있었다. 	그리운	떠나온 고향이 사무치게 그리워 지난 밤을 눈물로 지새우곤 했다.	그리워
뉘우치다	자신의 잘못을 뼈아프게 뉘우쳤다.	뉘우쳤다	진심으로 뉘우치는 모습에 사과를 받아주기로 했다.	뉘우치는	어릴 적 저지른 죄를 크게 뉘우쳐 참회하였으나 돌이킬 수는 없었다.	뉘우쳐	깊이 뉘우치는 모습에 마음이 약해졌으나 이내 고개를 저었다.	뉘우치는	눈물을 흘리며 자신의 잘못에 대해 뉘우쳤다.	뉘우쳤다	자신의 어리석은 경겨망동을 뉘우쳐 깨달음을 얻기 전까지 돌아오지 않겠다고 약속했다.	뉘우쳐
동병상련	비슷한 가정사를 가진 그녀에게서 동병상련을 느꼈다. 	동병상련	그 둘은 유학시절 동병상련한 사이다.	동병상련	전쟁 이후에도, 동병상련의 동지애는 더없이 끈끈하게 이어졌다.	동병상련	동병상련의 처지가 안타까워 자주 왕래하며 지내기로 하였다.	동병상련	먼 타지에서 만난 친구는 나와 동병상련한 사이였다.	동병상련	오랜만에 만났지만 애틋하게 동병상련할 상황은 아니었다. 	동병상련할
시원섭섭하다	독립하는 아이들을 보며 시원섭섭했다.	시원섭섭했다	아쉽기도 하고, 시원섭섭한 마음을 달랬다. 	시원섭섭한	성가시게만 느껴지던 연락이 막상 끊기자 시원섭섭하게 느껴졌다. 	시원섭섭하게	짐을 모두 싸고 나오며 바라본 텅 빈 숙소가 눈에 아른거려 시원섭섭했다.	시원섭섭했다	시원섭섭한 작별인사는 여운이 길어 나를 휘감았다.	시원섭섭한	시원섭섭할 정도로 짧은 헤어짐이 안타까웠다.	시원섭섭할
아련하다	멀어지는 차를 바라보는 뒷모습이 아련했다.	아련했다	고이 보관된 필름 카메라는 아련한 향수를 느끼게 한다. 	아련한	그것을 선물해준 정인이라도 대하듯 아련하게 화분을 매만졌다. 	아련하게	아련한 뒷모습이 마음에 못박혀 계속해서 생각하게 되는 것이었다.	아련한	쳐다보는 것조차 허락되지 않아 아련하게 담장을 쓰다듬을 뿐이었다.	아련하게	육지에 사랑을 두고 섬에서 아련함을 품고 사는 사람들이 많아	아련함
애수	얼굴에 스민 짙은 애수의 그림자는 어떤 빛 앞에서도 뚜렷했다. 	애수	충격적인 발언에 마음이 무너지는 애수를 느꼈다. 	애수	애수가 담긴 눈동자가 나에게로 향해 나는 자리에 얼어붙고 말았다.	애수	많은 사람들의 애수를 받아낸 바닷물은 그 자체로 형용할 수 없는 분위기를 가지고 있었다.	애수	그녀의 옆모습은 학창시절의 여운을 담은 애수를 느끼게 하는 모습이었다. 	애수	억지로 마음을 떼어 놓고 떠난 그는 애수에 시름시름 앓았다. 	애수
연민	당신에 대한 연민으로 괴로워 하는 것을 바라지는 않았겠지만	연민	우리는 서로의 고난에 대해 연밀할 여유조차 없었다. 	연민할	연민에 찬 눈빛으로 자신을 돌아보곤 했다. 	연민	사랑하던 이에게서 나를 연민하지 말라는 말을 들었을 때 속이 찢어질 듯 아렸다.	연민하지	연민의 시선조차 그녀에게는 사랑 한자락이었는지 어딜 가나 자신의 고됨을 토로했다.	연민	그는 이따금 너도 내가 우습냐며 자신에게 쏟아지는 연민을 지긋지긋해하는 태도를 보였다. 	연민
우수	나에게 있어 우수에 잠겨 고찰하는 시간이 필수적이다. 	우수에 잠겨	깊은 우수의 그림자가 얼굴에 드리웠다. 	우수	우수를 머금은 미소를 나에게 건네었다. 	우수	우수에 젖은 눈길이 나만을 향했을 때의 짜릿함은 쉬이 가시질 않았다.	우수	우수에 잠긴 그녀의 시름조차 사랑스러워 보일 지경이었다.	우수	어머니께서는 산을 볼 때면 우수를 띤 표정을 짓곤 했다. 	우수
회개	어디 사형 직전에서야 회개한 죄인도 천국을 가더이까? 	회개	범죄자는 재판장에서 회개의 눈물을 흘렸다. 	회개	탕자는 회개 끝에 고향으로 돌아와 가게를 차렸다.	회개	자신의 진심을 행동으로 보여주며 자신의 과오를 진정으로 회개하였다.	회개하였다	그는 자신의 모든 잘못에 대해 깊이 통감하고 있으며 회개하고 그 분야에서 내려오겠다는 입장을 밝혔다. 	회개하고	그의 사과를 받겠다는 말을 듣고서는 이제서야 회개한 기분이라며 홀가분하게 떠났다. 	회개한
거부감	죽음을 앞둔 상황이었음에도, 그 환자는 장기이식에 대해 명백한 거부감을 드러냈다. 	거부감	사람이 아닌, 지위로 마주하게 되는 자리에서는 자연스레 열등감과 거부감이 생긴다. 	거부감	나를 대하는 시종의 몸짓은 예의발랐으나, 그의 눈빛에는 거부감이 낮게 깔려 있었다.	거부감	과한 책임감에 거부감이 들기도 잠시, 그녀는 지휘관으로서의 면모를 다했다. 	거부감	거부감을 느끼기도 전에 일어난 일에 모두들 경악을 금치 못했다.	거부감	막연한 거부감이 마음 한 켠에 여전히 자리하고 있었으나 애써 외면하곤 했다.	거부감
비참하다	내 주변이 괴로워하는 것은 내가 힘든 것 보다 더욱 비참했다.	비참했다	무엇보다도 비참한 일상은 비로소 타인의 지적을 받아야만 보이는 법이었다. 	비참한	가족의 목숨을 구걸해야만 하는 비참함에 몸이 부들부들 떨렸다. 	비참함	억압받았던 비참함의 극복을 위해서라도 자유롭게 살리라 다짐했다. 	비참함	풀리지 않은 비참함보다 이르게 찾아온 가족들의 죽음이 그저 절망스러울 뿐이었다. 	비참함	나는 내 삶에서 떼어놓을 수 없는 비참함을 그저 받아들였다.	비참함
아니꼽다	내 능력이 제 것인 양 거들먹거리는 꼴이 아니꼽다.	아니꼽다	아니꼬운 마음을 뒤로 하고 옷매무새를 다듬었다.	아니꼬운	그렇게 아니꼽게 듣지 말고, 뼈가 되고 살이 되는 조언일게야.	아니꼽게	태연하게 말을 건네는 것이 아니꼬워 의도적으로 무시하기도 했다.	아니꼬워	동료의 성공에 아니꼬운 속을 붙잡고 꿋꿋히 작업을 이어가던 것이 일주일 전의 일이다. 	아니꼬운	축하는 하지 못하더라도 아니꼬운 반응에 덩달아 속이 상했다. 	아니꼬운
원망하다	기약한 날보다 두 달이나 걸린 귀향을 깊이 원망하였다. 	원망하였다	원망하는 목소리를 뒤로 하고 돌아보지 않았다. 돌아보면 떠날 수 없을 거라는 확신에.	원망하는	가정의 평화를 위해 몇 십년간 눌러담은 원망이 터지는 순간이 도래했다.	원망	타인을 원망하는 마음도 많은 관심을 필요로 하는 아주 피곤한 일이다. 	원망하는	깊은 원망은 쉬이 풀리지 않아 몇 개월 동안이나 눈치를 봐야 했다.	원망	정이라는 것 때문에 쉬이 원망하기도 어렵게 만들었다. 	원망하기
억울하다	지시대로 하였건만 되려 질책을 받은 것이 억울하였다.	억울하였다	억울한 목소리는 흩어지기 쉬워, 단단히 뭉치는 것이 무엇보다 중요하다.	억울한	억울하여 호소했으나 들어주는 이 하나 없었다.	억울하여	지금이라도 억울함을 풀었으니 괜찮다며 그저 웃어보였다.	억울함	부당한 일을 겪어 억울해하는 것도 권리가 필요한 부분이었던가. 	억울해	순식간에 뒤바뀐 상황에 허허벌판에 버려진 듯 억울하기만 했다.	억울하기만
침통하다	자신의 목표와 꿈이 형체도 남기지 않고 순식간에 사라지자 그저 침통하였다. 	침통하였다	침통한 사연은 누구에게나 있다네, 젊은이.	침통한	몹시 침통하여 평소 좋아하던 음식도 도무지 넘어가질 않았다. 	침통하여	현실이 침통해 그저 하늘을 바라보고 담배를 줄창 피워 댔다. 	침통해	침통한 사람들이 한데 모이면 혁명을 일으키거나, 침몰하거나 둘 중 하나였다. 	침통한	믿지 않아도 되니 그저 들어만 달라고 침통하게 입을 열었다. 	침통하게
패배감	동생은 패배감에 빠져 자신을 돌보는 것 조차 소홀히 하였다. 	패배감	당찬 도전의 끝이 패배감이었으리라고는 아무도 예상치 못했으리라.	패배감	난생 처음 맛보는 패배감에 치가 떨렸다.	패배감	밀려드는 패배감에 잠식되어 음울한 나날을 보냈다.	패배감	그는 사실 패배감이 두려워 애썼을 뿐이라고 답했다.	패배감	패배감을 도약의 계기로 삼든, 핑계 삼아 포기하든 어떻게 활용할지는 너의 몫이다. 	패배감
진저리나다	도시의 화려함에 매료되는 것도 잠시, 빽빽한 사람과 소음에 진저리났다.	진저리났다	그저 철없게 있을 수 있도록 도와준 환경이 그를 진저리나는 도전 중독자로 만들었다.	진저리나는	그 사람의 존재가 진저리나게 싫었다.	진저리나게	사람들이 가득한 공간이 진저리났다.	진저리났다	자신을 좀먹는 진저리나는 집구석에 한숨이 절로 나왔다.	진저리나는	입사한 지 2년 만에 진저리나는 반지하 생활을 청산했다. 	진저리나는
처절하다	가족을 모두 잃고 살아남은 아이의 일상은 처절했다.	처절했다	그 아이는 어느 누구도 말을 걸지 않는 처절한 고독에 몸부림쳤다. 	처절한	전사자들은 끝까지 처절하게 싸웠다.	처절하게	저명한 화가는 처절함마저 자신의 작품으로 승화시켰다. 	처절함	처절한 결별을 겪은 이후 사람한테 방어적으로 굴기 시작했다. 	처절한	처절한 광경에 절로 눈살이 찌푸려졌다.	처절한
처참하다	길거리를 돌아다니는 것 조차 허락되지 않는 현실이 처참했다.	처참했다	배가 등가죽에 붙은 듯한 처참한 몰골이었다. 	처참한	처참하게 들려왔다. 	처참하게	목표 없이 그저 일상을 반복하기만 하는 생기없는 사람들이 처참하게 느껴질 정도였다.	처참하게	사치를 부리다 길거리에 내앉은 처참한 꼴이 우스울 지경이었다. 	처참한	쫓겨났던 아버지는 훔쳐간 재물이 동났는지 처참한 몰골로 다시 집으로 돌아왔다. 	처참한
끔찍하다	자아를 잃고 돌아다니는 행색이 끔찍했다.	끔찍했다	황제의 결정은 역사적으로 화자되는 끔찍한 선택이었다. 	끔찍한	나를 수렁으로 밀어넣는 모습 조차 끔찍하게 사랑스러웠다.	끔찍하게	그녀는 자신의 반려동물을 끔찍할 정도로 아꼈다. 	끔찍할	꿈에조차 등장하는 그의 모습은 표현할 수 없을 정도로 끔찍했다.	끔찍했다	할아버지께서는 생전에 나를 끔찍하게 아꼈다. 	끔찍하게
곤혹스럽다	무례한 질문을 관심이 많다는 의도로 포장하는 사람들이 곤혹스러웠다. 	곤혹스러웠다	곤혹스러운 상황 속에서도 침착하게 대응했다.	곤혹스러운	어떤 쪽을 선택해도 장단점이 면확하여 곤혹스럽게 느꼈다. 	곤혹스럽게	그는 의도적으로 상대방을 곤혹스럽게 하는 것을 즐겼다.	곤혹스럽게	질문 공세에 곤혹스러워하는 그녀를 보고 재빨리 화제를 돌렸다. 	곤혹스러워하는	사람으로 가득찬 지하철 내의 냄새는 곤혹스러울 지경이었다. 	곤혹스러울
골나다	제 마음대로 되지 않자 몹시 골났다.	골났다	골난 표정을 하고선 발을 크게 구르며 방으로 들어갔다.	골난	부당한 지시가 마음에 들지 않아 골난 소리로 대답했다.	골난	골난 표정을 지어 보이며 말을 걸어도 무시하곤 했다. 	골난	자신을 배려해주지 않는 태도에 골난 듯 싶었다. 	골난	어제의 일로 한껏 골났는지 방에 쏙 들어가 얼굴 한 번을 비추지 않았다. 	골났는지
굴욕	가문의 굴욕에 시달려야 했다. 	굴욕에 시달려야	굴욕적인 요구에 응해야만 하는 스스로의 출신이 원망스러웠다.	굴욕적인	말을 걸어도 무시당하는 굴욕을 당했다. 	굴욕을 당했다	굴욕스러워 하는 모습을 보니 승리감이 더욱 치솟았다.	굴욕스러워	내가 응원하는 야구팀은 상대팀의 온갖 농락에 휘둘리며 굴욕적으로 패배했다. 	굴욕적으로	크게 혼난 것이 굴욕스러웠는지 이후로는 고분고분한 태도로 임했다. 	굴욕스러웠는지
분개하다	성별만으로 달라지는 부당한 대우에 대해 분개했다.	분개했다	분개한 대중들은 시위를 계획했다.	분개한	분개하여 탄원서를 작성하였다.	분개하여	불량품을 받고 분개한 사람들이 매장으로 몰려들었다. 	분개한	일하는 것에 대해 정당한 처우를 받지 못한 직원은 한껏 분개했다.	분개했다	판사는 반성의 태도라고는 보이지 않는 태도에 분개하였다.	분개하여
분통	분통이 치밀었지만 온 힘을 다해 인내했다.	분통이 치밀었	가장 친한 친구와 이야기하며 분통을 터뜨렸다. 	분통을 터뜨렸다	무도한 패악질에 분통이 나서 견딜 수 없었다. 	분통이 나서	그는 분통이 터져서 그만 주먹이 나가고 말았다. 	분통	진전되지 않고 시간끌기에 가까운 회의가 이어지자 분통을 참지 못해 짧게 말을 꺼냈다.	분통	억울한 일이 있었는지 분통을 터트리며 이야기를 시작했다.	분통을 터트리며
분하다	무엇보다도 필수품조차 공급되지 않는 것이 가장 분했다.	분했다	청소를 하며 분한 마음을 삭였다. 	분한	분한 마음에 손이 부들부들 떨렸다.	분한	그의 무례한 행동에 분해서 말조차 나오지 않았다.	분해서	보이지 않는 곳에서의 괴롭힘에 분한 신입은 녹음기를 챙겨 다녔다.	분한	문제에 대한 해결을 위해 노력하지 않는 직원들을 보며 분했다.	분했다
불쾌하다	함부로 마음을 넘겨짚는 것이 불쾌했다.	불쾌했다	불쾌한 기색을 감추지 못했다.	불쾌한	제 상황만 고려하는 일반적인 통보가 불쾌하게 느껴졌다. 	불쾌하게	불쾌한 내색을 풍기며 인사를 무시하고서는 지나가는 것이었다.	불쾌한	이루 형용할 수 없는 불쾌함이 몰려왔다.	불쾌함	벌레가 온몸을 기어다니는 감각이 불쾌하게 휘감겨왔다.	불쾌하게
반감	순순히 대답하였으나 내심 반감이 들었다. 	반감이 들었다	반감을 사 적을 늘리는 것은 바보같은 짓이다.	반감을 사 	의견을 무시하는 행동에 회원들은 반감을 품었다. 	반감을 품었다	진정시키려고 애썼으나 악화되는 상황으로 인해 직원들의 반감만 더 커졌다. 	반감	그의 이간질로 인해 많은 다툼이 있었고 무례한 행동은 친구들 사이에서 반감을 일으켰다. 	반감을 일으켰다	내 이야기를 들으려는 의지도 없는 듯 경청하는 태도에서 반감이 느껴졌다.	반감이 느껴졌다
섬뜩하다	안경 너머로 스치는 눈빛이 섬뜩했다.	섬뜩했다	장내는 섬뜩한 분위기로 가득찼다. 	섬뜩한	칼날이 섬뜩하게 빛났다. 	섬뜩하게	섬뜩한 그림자는 나를 삼킬 듯 가까워져 왔다. 	섬뜩한	매력적이고도 섬뜩한 미소가 그녀의 얼굴에 자리잡았다.	섬뜩한	고요한 집이 섬뜩하게 느껴질 때면 라디오를 틀어놓는 것이 습관이 되었다.	섬뜩하게
울화	뻔뻔한 모습에 울화가 치밀었다.	울화가 치밀었다	명상을 하며 애써 울화를 삭이고 있었다. 	울화를 삭이고	태연히 명령하는 주인만 보면 울화가 끓어올랐다. 	울화가 끓어올랐다	울화통에 빠져 진정시키려는 사람에게조차 화를 바락 내었다.	울화통	조언할 때는 듣지도 않다가 수습할 수 없을 지경이 되면 울면서 찾아오니 울화통이 터질 노릇이었다. 	울화통	감정 쓰레기통 취급하며 온갖 감정을 가감없이 표출할 때면 울화가 치밀어 올랐다. 	울화
신경질	선생님의 지적에 신경질을 내면서 교실 밖으로 뛰쳐나갔다. 	신경질을 내면서	신경질나게 굴지 마, 안 그래도 참고 있으니까.	신경질나게	아는 척 하지 말라는 신경질 섞인 목소리가 돌아왔다. 	신경질	챙겨야 할 것은 많은데 시간은 부족하니 절로 신경질이 났다.	신경질	엉성한 업무 처리에 신경질을 내며 따끔하게 쏘아붙혔다.	신경질	내가 묵었던 하숙집의 아주머니는 집을 더럽히면 항상 신경질을 내곤 했다. 	신경질
절박감	의무를 다하지 못하고 있다는 절박감이 가슴을 조였다. 	절박감	존망이 위협받는 상황 속에서 급히 떠나야 한다는 절박감에 사로잡혔다. 	절박감	가난에서 벗어날 마지막 수단이라는 절박감을 느꼈다. 	절박감	학생의 절절한 부탁에 절박감이 느껴져 여석 하나를 만들어 주었다.	절박감	남은 시간이 줄어들면서 절박감이 커져갔다.	절박감	자신의 꿈을 이루고 말겠다는 목표 아래 절박감으로 도전했다고 밝혔다.	절박감
통탄하다	자신의 그릇된 과거를 통탄했다.	통탄했다	의욕만 앞선 지도자는 통탄할 만큼 무지했다. 	통탄할	장기적으로 보았을 때 통탄하기 짝이 없는 일이었다. 	통탄하기	아버지의 과오를 통탄하는 자식이라니. 안타깝지만 그의 속죄는 이루어질 리가 없는 것이었다.	통탄하는	팍팍한 현실에 대해 통탄하기도 하며 안부를 묻는 사이가 몹시 마음에 들었다.	통탄하기도	사회의 한계점에 대해 통탄하는 것에서 그치지 않고 개선해야 한다.	통탄하고
진노하다	왕은 충신의 배신에 진노하였다. 	진노하였다	진노한 왕의 추적을 피해 시골에 숨었다. 	진노한	크게 진노하여 쩌렁쩌렁하게 고함을 외쳤다.	진노하여	그는 범죄를 저지른 후에 터무니없는 논리를 내세웠고 이에 진노한 많은 사람들에게 비난받았다. 	진노한	극단적인 상황에 몰린 그는 진노하며 주변 사람들에게 책임을 돌리려고 했다.	진노하며	크게 진노해 하고 싶은 대로 하라며 모든 지원을 끊겠다고 소리쳤다.	진노해
고적하다	반기는 이 하나 없는 집은 고적했다.	고적했다	고적한 늙은이를 아껴줘서 고마워요.	고적한	연락을 주고받는 이 하나 없이 고적하게 지낸 지 오래되었다.	고적하게	여러 의혹이 둘러싸고 있는 그 논제에 대해 그녀는 애써 관심을 두지 않으려는 듯 고적하고 있었다.	고적하고	주변의 조언에 고적한 태도를 유지하며 노력하는 모습이라고는 찾아볼 수 없었다.	고적한	고적하게 느껴질 수 있는 일생이 나에게 가장 평화롭고 알맞았다. 	고적하게
담담하다	모든 슬픔을 받아내는 호수는 항상 담담했다.	담담했다	친구의 담담한 모습에 되려 안심이 되었다. 	담담한	허리를 꼿꼿히 펴고 담담하게 대답했다. 	담담하게	담담한 표정으로 마저 짐을 챙겼다.	담담한	상주는 옷자락을 붙잡으며 숨이 넘어갈 듯 우는 친척들 앞에서도 담담했다. 	담담했다	담담하게 자신에게 주어진 일을 해내는 모습이야말로 성숙해 보였다.	담담하게
덤덤하다	쏟아지는 구애에도 아무 관심이 없다는 듯 덤덤했다. 	덤덤했다	오랜만에 만난 정인임에도 덤덤한 표정이었다.	덤덤한	충격을 받을 법 한데도 몹시도 덤덤하게 받아들였다. 	덤덤하게	그의 덤덤한 태도가 그녀의 화를 더욱 북돋았다.	덤덤한	모순적이게도 지도자의 덤덤한 반응이 주변 사람들을 안심시켰다. 	덤덤한	그의 대답은 상황에 걸맞지않게 덤덤해 되려 황당했다.	덤덤해
무덤덤하다	감정이 메말랐는지 어떤 사랑 이야기를 들어도 무덤덤하다. 	무덤덤하다	비난받을 꼬투리를 주기 싫어 겉으로는 무덤덤한 태도를 유지했다. 	무덤덤한	예민할수록 더욱 무덤덤하게 굴었다. 	무덤덤하게	그 군주는 온갖 산해진미를 대령해도 무덤덤한 표정이었다.	무덤덤한	무덤덤한 표정으로 담백한 감사인사를 건네는 그를 보면 내가 다 뻘줌했다.	무덤덤한	깜짝 선물을 줘도 무덤덤한 반응을 보여서 실망했던 적이 한 두번이 아니다.	무덤덤한
송연하다	나뒹구는 죽음이 나에게도 올 수 있었다는 생각만 해도 송연했다. 	송연했다	송연함에 문이 확실히 잠겼는지 재차 확인했다.	송연함	구석에서 찾은 공포 이야기집은 모골이 송연하도록 무서웠다. 	송연하도록	간만에 번잡한 도시를 떠나 자연의 송연함을 만끽했다.	송연함	숲 속 도서관만의 송연함은 나를 평안하게 해 준다.	송연함	그녀는 해가 까무룩 넘어가는 풍경을 바라보며 송연한 시간을 즐겼다.	송연한
숙연하다	전염병으로 인해 마을 전체가 숙연했다.	숙연했다	숙연한 침묵 속에서, 천진난만한 아이의 질문이 겉돌았다.	숙연한	발표자의 고백은 청중을 숙연하게 만들었다. 	숙연하게	숙연한 표정으로 주변의 눈치를 살폈다.	숙연한	그녀는 체념했다는 듯 숙연한 눈빛으로 고개를 끄덕일 뿐이었다. 	숙연한	그녀의 냉담한 반응에 지켜보는 이들이 다 숙연했다.	숙연했다
심심하다	일상이 더없이 무료하고 심심했다.	심심했다	심심한 사과의 말씀도 함께 전하셨습니다.	심심한	어렸을 적 심심하여 얄궃은 장난을 치곤 했다. 	심심하여	심심함을 벗어나려는 의지보다 그저 누워있고만 싶었다.	심심함	심심하게 흘려보내는 시간이 아깝게 느껴질 때 쯤이면 밖으로 나가 책 한 권을 샀다.	심심하게	심심하던 차에 온 친구의 연락은 더욱 반가웠다. 	심심하던
애잔하다	공허하게 창문을 바라보는 모습이 애잔했다.	애잔했다	전사자의 가족들은 애잔한 마음을 홀로 달랬다. 	애잔한	글로는 전달할 수 없는 애잔함을 나눈 각별한 사이였다.	애잔함	괜시리 마음이 애잔해 이별 노래를 줄창 들었다.	애잔해	몸에서 멀어지면 마음에서도 멀어진다더니 더욱 애잔해질 뿐이었다.	애잔해질	아무리 마음을 단단하게 먹어도 그녀를 마주하고 있으면 애잔한 감정이 솟아올랐다.	애잔한
남부럽다	가진 보석들이 남부럽지 않다.	남부럽지 않다	평범한 집안이었으나 사랑받고 자란 아이는 남부러울 것이 없었다. 	남부러울	사업을 하는 어머니 덕에 남부럽지 않게 자랐다.	남부럽지 않게	나는 타인의 성과 이전에 피나는 노력이 있다는 사실을 아주 잘 알아서 누구의 성공도 남부럽지 않았다.	남부럽지 않았다	주변의 성공이 남부럽지 않은 사람은 생각보다 드물다.	남부럽지 않은	남부럽지 않게 자랐다는 말을 들을 때 마다 마음 한 구석이 무거웠다.	남부럽지 않게
기껍다	과분한 제안이었지만 마음만은 몹시 기꺼웠다. 	기꺼웠다	은혜를 받고 기사가 되었기에 기꺼운 마음으로 일하리라 다짐했다. 	기꺼운	제 마음대로 흘러가지 않는 것이 기껍지 않은 듯하였다. 	기껍지	가족이 화기애애하게 지내는 것이 내심 기꺼웠다. 	기꺼웠다	많은 돈을 거머쥐었지만 기껍지 않은 내색을 보였다.	기껍지	기꺼운 표정으로 우리를 맞이했다.	기꺼운
눈물겹다	평화로운 과거를 회상하면 그저 눈물겹다. 	눈물겹다	실로 눈물겨운 연인의 재회였다. 	눈물겨운	두붕켜안고 우는 자매를 눈물겹게 바라보았다. 	눈물겹게	나는 당신이 불쌍해서 우는 게 아니에요. 당신이 그렇게 힘들어 할 동안 아무도 도와주지 않았다는 사실이 눈물겨울 뿐이에요.	눈물겨울	온갖 고난을 이겨내고 밝은 모습으로 일상을 지내는 사연이 눈물겹지 않을 수 없었다. 	눈물겹지	순수하게 좋아하는 존재가 있다는 건 눈물겨운 일이기도 하다.	눈물겨운
아리다	그녀와의 이별을 생각하면 지금까지도 가슴이 아리었다. 	아리었다	가시에 찔려 아린 손끝을 재빠르게 감췄다.	아린	일말의 양심이 가슴아리게 자신의 존재를 주장하고 있었다. 	아리게	녹록치않은 그의 옛 이야기를 들으며 잠시간 가슴이 아린 것도 같았다. 	아린	쫓아가다 넘어졌는지 까진 살갗이 그제서야 아렸다. 	아렸다	2년이나 지난 일이건만 다시 생각하면 여전히 상처가 아렸다.	아렸다
애련	전 약혼자에 대한 애련의 정이 넘쳤다. 	애련	스치듯 지나간 눈길에는 애련의 빛이 가득했다. 	애련	안타까운 이야기를 듣고 있자니 애련의 감정이 피어올랐다. 	애련	애련한 내 마음 한 켠은 누구도 대신할 수 없는 그녀의 것이었다. 	애련한	애련한 눈빛으로 그녀를 바라봐도 그녀는 더 이상 눈을 맞춰주지 않았다.	애련한	이별을 고했을 때 그의 애련한 표정을 도무지 알 수 없었다. 	애련한
정한	원혼의 정한은 신중하게 다루어야 한다.	정한	갈피를 잡지 못한 정한이 가슴에 가득하였다. 	정한	애증에 가까운 정한을 품고 살았다.	정한	자신의 나라를 저주하면서도 정한 마음이 들어 다시금 돌아오곤 했다. 	정한	정한 샘물이라며 비싸게 팔리던 것은 사실 장사치의 상술이었다.	정한	동네 어른들은 앓아누운 어머니를 두고 정한이 가슴에 가득하여 병이 되었다고 말했다. 	정한
의아하다	구시대적인 전통이 아직까지 이어지고 있음이 의아했다.	의아했다	고된 일을 자원하는 것이 의아한 모양새였다. 	의아한	완벽한 제안을 거절한 것이 의아하여 이유를 물었다. 	의아하여	변심한 것이 하루 이틀 일이 아닌 듯 의아하게 여기는 이 조차 없었다.	의아하게	어린 사촌동생은 의아한 표정을 지으며 궁금한 점을 쏟아 내었다. 	의아한	내가 예상한 것과 다르게 흘러가는 상황을 의아하게 바라보았다.	의아하게
회오	극소수만이 자신의 잘못을 깊이 회오한다.	회오한다	마음깊이 회오하는 자에게도 자비를 베풀어 교화할 수 있는 기회를 주었다. 	회오하는	묘 앞에서 회오의 눈물을 흘렸다. 	회오	그녀는 자신의 선택을 뼈저리게 회오하며 시간을 되돌리고 싶어했다.	회오하며	영혼이 빠져나간 신체에서 회오의 눈물 한 방울이 흘렀다.	회오	수많은 회오와 쌓여가는 무력감에서 벗어나야만 환생할 기회를 얻을 것이다.	회오
기쁘다	무엇보다도 당연하게 소속되어있는 자신의 처지가 기뻤다. 	기뻤다	기쁜 마음으로 이사를 준비했다.	기쁜	이르게 도착한 생일 선물을 기쁘게 받아들었다. 	기쁘게	고대하던 소식이 들려오자 나는 기쁘게 뛰쳐나갔다.	기쁘게	새 생명의 탄생은 기쁘고 행복한 순간이다.	기쁘고	기뻐하는 사람들 사이에서 쭈뼛거리는 그 아이가 한없이 사랑스러웠다.	기뻐하는
성취감	바쁜 시간대를 무사히 지난 후의 성취감이 좋았다.	성취감	모임이 성공적으로 마무리되자 크나큰 성취감이 들었다.	성취감	마침내 금메달을 목에 걸자, 선수는 성취감에 젖은 듯 감독을 얼싸안았다.	성취감	학생들의 발전에 크나큰 성취감을 느낀다.	성취감	노력의 결과에서 성취감도 얻을 수 있다면 더없이 좋은 일이다.	성취감	새로운 분야를 개척하는 그 감각과 성취감이 나를 생기있게 만든다.	성취감
신명나다	구성진 가락은 언제나 신명난다. 	신명난다	하인의 발재간은 모임을 더욱 신명나게 만들었다.	신명나게	사람이 하나 둘 모여들어 연주가 더욱 신명나게 들렸다. 	신명나게	앞으로의 계획을 세우며 신명나는 기대감이 그녀를 충만하게 만들었다. 	신명나는	축제의 마지막 순서에서 흥겨운 노래가 나자 다들 신명나게 춤을 추었다.	신명나게	사람으로 인해서 기쁘기도 하고 슬프기도 하는 신명나는 경험을 했다. 	신명나는
신바람나다	멀리서부터 온 반가운 소식에 신바람이 났다.	신바람이 났다	프로젝트는 승황리에 끝났다는 소식을 전해 주니 정말 신바람나는 일이었다. 	신바람나는	매출과 함께 늘어난 수당에 직원들은 모두 신바람나게 일하기 시작했다. 	신바람나게	회사의 경영진이 대대적으로 교체되자 새로운 변화를 기대하며 조직 내부에는 신바람이 감돌았다.	신바람	날은 청명했고 학생들의 웃음소리와 신바람이 학교에 가득했다. 	신바람	첫 출근을 하는 신입은 신바람이 나기 시작했다. 	신바람이 나기
열정	어떠한 열정도 담기지 않은 작품을 바라보고 있을 인내심은 없었다.	열정	의욕적이고 열정적인 모습에 응원을 보냈다. 	열정적인	사업가는 자신의 열정을 담은 사업을 몹시 자랑스러워하였다. 	열정	부당한 대우를 받으며 그녀의 열정은 점점 사그라들었다.	열정	열정적인 사람을 보면 나도 그럴 때가 있었는지 회상 혹은 반성을 하곤 한다.	열정적인	열정적인 태도로 임하는 그녀는 모두에게 아낌받았다.	열정적인
유쾌하다	오늘 하루는 몹시 유쾌했다.	유쾌했다	유쾌한 친구와 있으면 시간은 쏜살같이 흐른다. 	유쾌한	자신의 이익만을 취하려다 본전도 못 찾는 모습이 유쾌하게 느껴졌다. 	유쾌하게	그녀의 유쾌한 너스레는 항상 주위 사람들에게 웃음을 주었다. 	유쾌한	바쁜 친구들과 이따금씩의 유쾌한 시간을 보내면 충전한 느낌이 든다.	유쾌한	유쾌한 웃음 소리를 듣고 있노라면 다 괜찮을 것 같은 기분이었다.	유쾌한
통쾌하다	나에게 죄를 뒤집어 씌우려던 것이 들통났으니 몹시 통쾌했다.	통쾌했다	통쾌한 승리를 거머쥐었다.	통쾌한	빈 술잔을 내려놓고선 통쾌하게 웃었다.	통쾌하게	승리를 거머쥔 통쾌한 순간은 신문 1면을 장식했다.	통쾌한	친구의 소식을 듣고 나도 모르는 새에 통쾌하게 웃고 있었다. 	통쾌하게	1위 단상에 올라가며 통쾌함에 감격스러운 눈물을 흘렸다.	통쾌함
즐겁다	아이는 거리를 자유롭게 활보하며 몹시 즐거워했다.	즐거워했다	즐거운 모습으로 지내는 걸 보니 나도 기분이 좋구나.	즐거운	가벼운 발걸음으로 즐겁게 차에 올랐다.	즐겁게	즐거운 시간을 보낼때면 문득 끝이 두려워지기도 한다.	즐거운	홀로 시간을 보내는 것은 나에게 있어 큰 즐거움이다.	즐거움	삶의 우선순위를 확립하고 나니 나는 더욱 즐거워졌다.	즐거워졌다
환희	환희에 찬 모습이 흐뭇했다.	환희에 찬	환희의 환성이 기사들을 환영했다.	환희	짜릿한 환희를 맛 본 사업가는 이내 돌변했다.	환희를 맛 본	가족이 더 생긴다는 사실은 나에게 큰 환희로 다가왔다. 	환희	힘든 시절은 이제 끝났다며 서로를 위로하고 새로운 해에 대한 환희가 가득 찼다.	환희에 가득 찼다	성황리에 막을 내리고 우리 팀은 모두 환희에 빠졌다.	환희에 빠졌다
흥겹다	곡식을 수확하는 농부의 노랫소리는 흥겹다. 	흥겹다	흥겨운 소리에 시선이 절로 향했다.	흥겨운	하루아침에 벼락부자가 되어 흥겹게 노래를 불렀다. 	흥겹게	친구들과 함께 술잔을 기울이며 시시덕한 이야기를 나누는 것은 항상 흥겹다.	흥겹다	그 경기에서 이겼다는 사실에 흥겨워 옆 사람과 부둥켜안고 춤을 추었다.	흥겨워	흥겨운 시간을 보낸 뒤의 숙취는 지난 날의 잔사오가도 같다.	흥겨운
가뜬하다	아침에 운동을 하니 몸이 한결 가뜬하다. 	가뜬하다	복장이 가뜬해야 활동하기 좋으니, 이 점 유념해주시길 바랍니다.	가뜬해야	그 장수는 비료를 가뜬하게 들어올렸다. 	가뜬하게	일정이 마무리되어가는 시점에서 나는 마음이 가뜬했다.	가뜬했다	가뜬한 하루를 만끽하며 대청소를 했다.	가뜬한	지긋지긋해하던 사람과 헤어진 후에 가뜬하지만은 않았다. 	가뜬하지만은
감회	몇 년 만에 돌아온 고향은 감회가 새로웠다. 	감회	힘들었던 지난 날을 회상하듯 감회 어린 표정을 지었다. 	감회어린	창밖으로 모습을 드러내는 고향에도 아무런 감회가 없는 듯 했다. 	감회	만남을 이어가기로 한 후의 감회는 어딘가 간지러운 기분이었다.	감회	향수병이 심해질 때면 감회에 잠기는 순간들이 여럿 있었다.	감회	감회에 잠겨 빠져나오지 못할 때면 발 딛고 있는 현실이 싫게만 느껴졌다.	감회
경외하다	대부분의 교사는 누구에게나 교육의 기회를 줄 것이라는 설립자를 경외했다.	경외했다	경외하는 시선에 손을 가볍게 흔들었다. 	경외하는	현명하고 자애로운 그녀를 경외의 대상으로 여겼다. 	경외	그녀는 스승을 경외하며 배움을 구했고, 행적까지 닮고 싶어 했다. 	경외하며	새로운 것은 경외의 대상이지만 두려움의 대상이기도 하다.	경외	모든 이들이 명확한 이유 없이 그저 경외하게 되는 것은 경계해야 할 필요가 있다. 	경외하게
공감하다	사회초년생의 허무함에 깊이 공감했다. 	공감했다	고개를 끄덕이며 공감하는 모습을 보였다.	공감하는	진솔한 이야기를 담은 책은 독자들에게 많은 공감을 불러일으켰다.	공감	고통에 공감하고 곁을 지켜주는 친구에게 큰 고마움을 느꼈다. 	공감하고	모두가 공감할 만한 소재를 색다르게 풀어내어 호평을 받았다.	공감할	상대방의 이야기에 공감하는 태도가 무엇보다도 중요하다. 	공감하는
달가워하다	타의로 참여한 파티에서 인사를 나누는 것을 달가워하지 않았다.	달가워하지 않았다	선심 쓰듯 내미는 제안을 달가워할 사람은 없었다.	달가워할	나의 권유에 달가워하지 않는 모습에 나 또한 흥이 식었다. 	달가워하지 않는	기뻐할 것이라고 생각해서 준비했는데 달가워하지 않는 기색을 보여 나 또한 당황스러웠다.	달가워하지 않는	살며시 꺼낸 제안에 몹시 달가워하며 좋은 생각이라는 말을 듣자 뿌듯했다.	달가워하며	여행이라는 단어에 달가워하며 몹시 즐거워하는 기색이었다.	달가워하며
동경하다	이야기로만 접한 바다 건너의 나라를 동경하였다.	동경하였다	그 발표자는 자신을 동경하는 학생들의 꿈을 지켜줄 의무가 있다고 생각했다. 	동경하는	고난에도 굴하지 않는 모습을 보며 그녀를 동경의 대상으로 삼았다. 	동경	동경의 대상을 앞에 두니 손이 저절로 떨렸다.	동경	어렸을 때 만난 사촌동생은 변호사라는 직업을 가진 나를 동경했다.	동경했다	고난 속에서도 침착하게 상황을 파악하고 지시를 내리는 그녀를 누구나 한 번 쯤은 동경했다. 	동경하며
애	그 시녀는 애가 달아서 어쩔 줄을 몰라 했다. 	애가 달아	나를 도와주지 않을 것 같아 애가 탔다. 	애가 탔다	몸부림을 치며 끌려가지 않으려 애를 썼다. 	애를 썼다	더 나은 성과를 내기 위해 밤낮으로 애썼다.	애썼다	환경 문제는 모두가 응당 애써야 하는 공동의 책임이다. 	애써야	막중한 책임감을 갖고 애쓰는 모습을 보니 짠하기도 했다.	애쓰는
연정	이루어지지 않았기에 아름다운 연정도 있다.	연정	나를 신경써주는 세심한 모습에 연정을 느꼈다. 	연정	그녀의 상냥한 모습에 남몰래 연정을 품었다. 	연정	지고지순한 연정이 담긴 편지를 소중하게 간직했다.	연정	연정은 예상하지 못한 곳에서 피어나는 민들레와도 같았다.	연정	애인의 헌신적인 연정으로 이어져 있는 그녀는 언제나 응원받는 기분이었다.	연정
자족하다	그녀는 자신의 생활에 자족했다.	자족했다	평화롭고 자족한 생활을 보내고 있었다. 	자족한	현명한 사람은 자족하며 살아가기 마련이란다.	자족하며	그는 북적한 도시 생활을 청산하고 농장에서 자족하여 살아가고있다.	자족하여	자족하면서도 환경에 해가 되지 않는 방식으로 살아가는 사람들이 많아지고 있다.	자족하면서	그녀에게 있어 자족적인 생활은 무엇보다 지속적이라는 면에서 의미가 있었다.	자족적인
낯간지럽다	하나 둘 자신에 대한 칭찬을 늘어놓자 몹시 낯간지러웠다. 	낯간지러웠다	낯간지러운 소리 좀 그만해, 하며 귀를 붉혔다.	낯간지러운	그런 말들을 낯간지럽게 어떻게 대놓고 해? 	낯간지럽게	그녀의 새로운 인사법은 몇몇 사람들에게는 낯간지럽게 느껴질 수 있겠지만 분명 매력적이었다.	낯간지럽게	손가락이 박동하는 낯간지러운 경험이었다. 	낯간지러운	낯간지러운지 얼굴이 새빨개져선 말을 더듬었다.	낯간지러운지
노파심	혹시나 하는 노파심에 하는 말이니까 너무 기분 나빠하지 않았으면 좋겠어. 	노파심	노파심에 다시 한 번 말씀드리겠습니다. 	노파심	잘 진행되고 있는지, 노파심이 들었다.	노파심	얼마 남지 않았다는 의사의 말에 가족들은 매 순간 노파심을 느꼈다.	노파심	잠깐 외출한다며 나갔던 친구가 돌아오지 않아 노파심을 느꼈다.	노파심	노파심에 연락하는 마음은 알겠지만 번거로운 것이 사실이었다.	노파심
동요하다	눈물을 흘려가며 이어지는 호소에 사람들은 동요했다	동요했다	피고인은 자신의 변호를 듣고 술렁이며 동요하는 참석자들을 바라보았다. 	동요하는	동여하지 말고 제자리에서 지시를 기다려주시길 바랍니다.	동여	과하게 화를 내며 크게 동요하는 모습이 의심스러웠다.	동요하는	동여하는 마음을 붙잡고 후회하지 않을 선택을 하려 애썼다. 	동요하는	그의 제안을 듣는 내내 마음이 동요하고 있다는 것을 느꼈다.	동요하고
심통	자신을 배려해주지 않는 친구에게 심통이 났다.	심통이 났다	자신과는 상관없는 일이라며 손을 내젓는 태도에 심통이 부글부글했다.	심통이 부글부글했다	제 뜻대로 굴지 않는 시녀들에게 심통을 부렸다. 	심통을 부렸다	그가 심통을 부리며 주변 사람들을 괴롭힐 때 모두의 표정은 동일했다. 	심통을 부리며	심통을 부리는 아이를 달래며 약을 먹이기 위해 차분히 말을 건넸다.	심통을 부리는	대기시간이 너무 길어져 대부분의 출연자들은 심통을 부렸다.	심통을 부렸다
우습다	운을 모두 자신의 실력이라고 믿는 모습이 우습다.	우습다	그제서야 땅을 치며 후회하는 모습은 퍽 우스운 모양새였다.	우스운	험담을 할 때는 언제고, 앞에서는 아양을 떠는 모습이 우습게 보였다. 	우습게	사람들이 우스운 미소를 지을 때면 상대를 낮잡아 보는 것 같기도 하다.	우스운	누군가의 행동이나 선택이 우습게 보이더라도 사람의 모든 면모를 넘겨짚으려고 하지 말아야 한다. 	우습게	자신만만하게 출전한 그는 우습게도 헛발질을 하곤 했다. 	우습게도
우쭐하다	미리 피난가방을 싸 놓은 자신의 선견지명에 우쭐했다. 	우쭐했다	나를 무시하던 이를 이겨 우쭐한 기분이었다. 	우쭐한	이 지역의 특색 봄꽃 축제는 지역민을 우쭐하게 만드는 축제였다. 	우쭐하게	동창회에서 새로운 차를 뽑았다며 우쭐하게 굴었다. 	우쭐하게	우쭐한 모습으로 한껏 떵떵거릴 때는 언제고 막상 나서야 할 때가 오면 가만히 사라졌다.	우쭐한	고향에 걸린 현수막이 나를 우쭐하게 만들었다.	우쭐하게
의분	학생의 입을 틀어막으며 끌고 나가는 상황 속에서 의분에 떨었다. 	의분에 떨었다	슬픔은 곧 가셨고, 이내 불덩이 같은 의분을 느꼈다. 	의분을 느꼈다	도적의 만행에 의분을 금할 수 없었다. 	의분	교실은 탄압으로 쓰러진 책걸상과 의분만이 가득했다. 	의분	의견을 경청하기는 커녕 모임조차 금지하는 회사의 태도에 의분이 차올랐다. 	의분	학생에게 차별적으로 교육을 제공하는 교사를 보고 의분을 금치 못했다. 	의분
꺼림직하다	그제서야 보이는지나치게 손을 타지 않은 가구가 꺼림직했다. 	꺼림직했다.	말을 높이기도, 함부로 말을 낮추기도 꺼림직한 존재였다. 	꺼림직한	인사를 못 건넨 것이 마음 속에 꺼림직하게 남았다. 	꺼림직하게	이전부터 그의 중립적인 태도에 사람들은 꺼림직한 느낌을 받았다고 말했다. 	꺼림직한	타인의 과한 친절과 관심은 나에게 꺼림직하게 다가온다. 	꺼림직하게	어두운 길거리가 어딘가 꺼림직하게 느껴져 전화번호부를 열어 전화를 걸었다. 	꺼림직하게
께름직하다	목덜미에 스치는 한기가 께름직했다.	께름직했다	모처럼의 외출이었지만 께름직한 기분이 가시질 않았다. 	께름직한	절규에 가까운 저주가 몸에 께름직하게 달라붙은 느낌이 들었다. 	께름직하게	산에 들어온 이후부터 께름직하고 스산한 기운이 몸을 덮쳤다. 	꼐름직하고	눈 앞에 들이밀어진 안내 책자를 께름직하게 받아들었다. 	께름직하게	께림직한 표정을 지으며 알겠으니 이만 가 보라고 손을 휘저었다.	께림직한
귀찮다	별다른 신경을 쓰는 것 조차 귀찮았다. 	귀찮았다	귀찮은 연락이 올 것을 예상해서 미리 꺼 두길 잘 했다.	귀찮은	내 눈치를 보며 퍽 귀찮게 굴었다. 	귀찮게	귀찮은 일들이야말로 초기에 끝내놓으면 유용하게 쓰인다.	귀찮은	귀찮게 느껴질 법 함에도 그 대상이 연인이라는 이유만으로 모든 게 그저 좋았다.	귀찮게	손수 요리를 만들어 대접하는 것은 귀찮지만 맛있게 먹는 친구의 얼굴을 생각하면 영 못 할 일도 아니었다.	귀찮지만
떠름하다	결과적으로는 좋은 일이었으나 어딘가 떠름했다.	떠름했다	예상하지 못한 선물을 받아 떠름한 시선으로 나를 바라보았다.	떠름한	갑작스럽게 성사된 만남에 떠름해서 말이 안 나왔다.	떠름해서	자꾸만 자신의 시선을 피하는 구성원들이 떠름했다.	떠름했다	떠름할 정도로 사람이 살았던 흔적이 보이지 않는 기이한 집이었다.	떠름할	떠름한 시선이 따라붙는 걸 두려워하면 아무것도 못 한다며 우는 나를 다독였다 	떠름함
막막하다	책상을 가득 채운 줄어들지 않는 서류더미가 막막했다. 	막막했다	들려오는 소식에 그저 막막한 한숨을 내쉬었다.	막막한	앞으로의 미래가 막막하게 느껴질 때가 있다.	막막하게	기존에 배웠던 내용과 달라 막막함에 머리가 새하얗게 되어 생각나는 것이 없었다.	막막함	앞으로 살아갈 나날이 창창하다는 말이 무엇보다도 막막했다.	막막했다	막막한 미래를 앞에 두고도 능청스럽게 사는 사람이 되고 싶다고 말했다.	막막한
답답하다	볕조차 들지 않는 방이 답답했다.	답답했다	답답한 기분을 떨쳐버리려 무작정 나왔다.	답답한	나를 위한 일이랍시고 그저 싸고 돌 때, 되려 답답하게 느껴질 때가 있다. 	답답하게	다툼이 생길 것 같으면 그저 회피해버리는 태도가 답답했다.	답답했다	답답한 현실을 외면하려 때로는 기분전환을 위해 여행을 떠난다. 	답답한	일을 처음 시작하는 사람은 답답하게 느껴지는 것이 당연하지만 그것이 괴롭힘의 이유가 되진 않는다.	답답하게
번민하다	신중한 선택을 내려야 한다는 생각에 깊이 번민했다. 	번민했다	나랏일로 번민하던 선비는 과거 시험을 위해 길을 떠났다. 	번민하던	그저 번민하고만 있을 수는 없는 상황이었다. 	번민하고	안타깝게도 그는 많은 시간을 번민했다. 	번민했다	그는 이따금씩 자신의 상황에 대해 번민하곤 했다.	번민하곤	과한 업무를 당연하듯이 떠안다가도 번민하며 멈춰서곤 했다. 	번민하며
감개	감개가 끓어올라 눈물이 흘렀다.	감개	고대하던 만남에 우리는 감개에 젖어 그저 서로를 바라보았다.	감개	감개 어린 목소리로 조심스레 말을 건네었다.	감개	감개무량한 일이었으니 생각할 것도 없이 고개를 끄덕였다.	감개무량한	자신에게 주어진 기회가 그저 감개무량했다.	감개무량했다	가슴 한 켠에는 감개를 묻어 두고 사는 것 같다고 느꼈다.	감개
경애하다	자신에게 깊은 가르침을 준 스승님을 경애했다.	경애했다	김연아 선수는 대한민국 국민 누구나 경애하는 선수이다. 	경애하는	교문 앞에 놓인 꽃다발에서 학생들이 얼마나 경애하고 있는지를 알 수 있었다. 	경애하고	자신의 스승을 진심으로 경애했다.	경애했다	지도자에게 쏟아지는 경애는 때론 적개심이 되기도 한다.	경애	이 땅을 위해 헌신하고 몸 바친 사람들을 경애하며 기억해야 한다.	경애하며
고무되다	같은 목표 아래 노력하는 사람들 사이에 있다는 사실에 고무되었다.	고무되었다	열렬한 응원에 고무된 선수들은 승리를 다짐하였다. 	고무된	지지와 격려에 고무되어 더욱 열심히 해야겠다고 다짐했다.	고무되어	열렬한 분위기에 고무되어 온 힘을 다해 응원했다.	고무되어	현장의 열기에 지나치게 고무된 선수는 실수를 연달아 했다.	고무된	같은 시간을 알차게 쓰는 사람들 사이에 있으니 덩달아 고무되었다.	고무되었다
선호하다	신맛의 디저트보다는 단 것을 선호했다.	선호했다	선호하는 음식이 있으시다면 말씀해 주세요.	선호하는	희소성을 가진 물품의 선호가 두드러졌다. 	선호	단체생활보다는 개인적인 활동을 선호한다.	선호한다	선호에 대해 알아가는 것이 관계의 시작이라는 교본이 존재하기라도 하는지.	선호	선호하는 음식을 미리 알아낸 모양인지 내가 좋아하는 것들만 준비되어 있었다.	선호하는
애지중지하다	선물받은 지 10년이 지나 작아진 옷을 정말 애지중지했다. 	애지중지했다	애지중지하는 물건이 망가져 속이 상했다.	애지중지하는	나는 식물을 애지중지하며 돌보았다.	애지중지하며	그렇게 애지중지하던 것들을 죄다 망가뜨린 나조차 사랑할 수 있는지 궁금했다.	애지중지하던	애지중지하는 모습이 우습게 보일 수도 있겠지만 누구보다도 멋져 보였다.	애지중지하는	자신의 피를 이은 자식들을 애지중지했다. 	애지중지했다
자부하다	어딜 가도 이런 가게는 없을 것이라며 자부했다.	자부했다	내 친구는 자신의 축구 실력을 자부하고 있었다. 	자부하는	그녀의 실력은 가히 최고라고 자부할 만 했다. 	자부할	자부할 만큼의 일은 아니라며 겸손하게 굴었다. 	자부할	자신의 능력에 대해 크게 자부하는 건 때론 독이 되기도 한다.	자부하는	그는 자신의 성과에 자부하며 지난 날의 성공일화를 늘어놓기 시작했다.  	자부하며
친애하다	그를 향한 친애의 정은 깊어만 갔다. 	친애	친애하는 당신께 편지를 씁니다.	친애하는	오랜만에 고향에 내려가 친애하던 친구를 만났다.	친애하던	친애하는 친구에게 말을 건넬 때에는 더욱 신중해진다.	친애하는	자신의 원동력이자 자신을 언제나 지지할 거라는 확신이 있는 존재에 대한 친애는 끈끈했다.	친애	그녀의 세계 속에 유일하게 생기있는 존재라며 나를 친애했다.	친애했다
흠모하다	남몰래 흠모했다.	흠모했다	이 작품에는 정인을 흠모하는 심정이 잘 나타나 있다. 	흠모하는	훌륭한 인격을 흠모하여 갖가지 특산품을 보내었다.	흠모하여	흠모하던 선생님이 교육을 그만두신다고 했을 때의 충격은 여파가 거셌다.	흠모하던	흠모하는 마음은 누구에게 허락이라도 받듯 이 정도면 괜찮겠지 하고 흘러나오는 것이다.	흠모하는	마음속으로 흠모하여 괜히 말이라도 걸기 위해 장난을 쳐 댔다.	흠모하여
감동하다	바쁜 와중에도 챙겨준 정성에 감동했다.	감동했다	선물을 받고도 감동하는 기색이 없었다. 	감동하는	사람들은 감동하여 너나 할 것 없이 자발적으로 성금을 내었다. 	감동하여	감동하는 나를 두고 기자들은 무표정으로 연신 셔터만을 눌러대는데 우리가 같은 공간에 있긴 하는지 의문이 들 정도였다. 	감동하는	나를 생각해주는 마음씨에 감동하여 괜히 눈물이 고였다.	감동하여	그의 행동은 나에게 강렬한 감동을 불러일으켰다. 	감동
교감하다	깊이 있는 대화를 나누며 서로 교감했다.	교감했다	식물과 교감하는 모습은 요정 같았다.	교감하는	교주는 자연물과 교감할 수 있는 능력이 있다고 주장했다. 	교감할	우리 사이의 골에 교감은 이미 끊어진 지 오래였다.	교감	그는 남을 업신여기며 자신이 교감할 만한 가치가 없는 사람들이라고 느꼈는지 질색하는 표정을 짓곤 했다. 	교감할	무생물과 교감하는 것은 때로는 즐겁고 괴로운 일이다.	교감하는
매료되다	흥미로운 말솜씨에 매료되었다.	매료되었다	따뜻한 마음씨에 매료되고 말았다. 	매료되고	이미 그녀에게 매료된 나에게는 들리지 않았다.	매료된	매료된 그에게는 어떠한 조언도 닿질 않았다.	매료된	세심한 자수에 매료된 사람들은 곧장 판매대로 달려갔다.	매료된	이단 종교에 깊이 매료되어 자신은 구원을 바랐을 뿐이라며 고래고래 소리쳤다.	매료되어
사모하다	그녀는 그녀의 스승을 사모한다.	사모한다	시간이 지나도 사모하는 마음은 커져만 갔다.	사모하는	내가 그토록 사모하던 사람은 이 세상에 없었다.	사모하는	그는 신분차이로 인해 사모하는 마음을 숨기려고 애쓰는 기색이었다. 	사모하는	내 여동생을 사모한 것도 기억나지 않는다는 듯 냉담한 모습이었다. 	사모한	떠나는 순간까지도 나를 깊이 사모했다며 오열해 마음이 쓰였다.	사모했다
상큼하다	여름 해를 받고 자란 과일은 무엇보다 상큼하다.	상큼하다	활기찬 아이의 모습은 삭막한 집안에 상큼한 느낌이 감돌게 했다. 	상큼한	제철 과일의 맛이 상큼하게 감돌았다. 	상큼하게	평소와 같은 하루였으나 눈을 찔러 대는 햇살조차 상큼하게 느껴졌다. 	상큼하게	상큼한 인삿말을 들으니 기분이 좋아졌다.	상큼한	상큼한 아침이 시작되면 설레는 기분이다.	상큼한
애정	열렬한 애정은 빨리 식기 마련이다.	애정	애정이 담겨 있는 손길이 따스했다.	애정	우리의 애정은 식을대로 식었다. 	애정	애정과 사랑의 결실이라는 결혼생활에서 나라는 이토록 불행한 결과가 나왔다면 시도조차 하지 말았어야 했다. 	애정	전시회에서 특별히 깊은 애정이 엿보이는 작품을 소개했다. 	애정	각자가 애정하는 분야가 다른 것 또한 흥미로운 일이었다.	애정하는
영예롭다	노력해서 받은 상패와 지위는 나에게 정말 영예로웠다.	영예로웠다	영예로운 자리에 오를 수 있던 것은 모두 여러분 덕분입니다.	영예로운	영예로운 시상식은 성황리에 마무리되었다.	영예로운	그녀의 영예로운 행보는 사람들에게 관심을 받았다.	영예로운	꾸준히 지역봉사를 하여 영예롭게도 표창장을 받았다.	영예로운	그 영예로운 순간에 내가 자리하고 있다는 것이 무척이나 기뻤다.	영예로운
이뻐하다	할아버님께서는 생전에 나를 몹시 이뻐했다.	이뻐했다	내가 이뻐하던 아이가 언제 이렇게 컸을까	이뻐하던	내가 작은 소품을 이뻐하는 것을 잘 알고 종종 선물해 주었다.	이뻐하는	식물을 이뻐하는 나를 잘 알아서 덩달아 정성스럽게 대하는 모습이 감동적이었다. 	이뻐하는	이뻐하고 아끼는 아이가 나에게 주는 활력은 그 무엇보다도 소중하다.	이뻐하고	자연스러운 모습을 이쁘게 담아내는 사진작가로 명성을 떨쳤다.	이쁘게
자긍	자신의 능력에 대해 자긍을 가졌다.	자긍을 가졌다	자신의 가문과 역사에 남다른 자긍을 느꼈다.	자긍을 느꼈다	왕홀을 높이 든 황제는 자긍과 기쁨을 감추지 못했다. 	자긍	허울뿐인 자긍심에 갇혀 사니 발전이라고는 있을 리가 없었다.	자긍심	교단의 일원이라는 자긍심은 종교에 대한 믿음을 더욱 강화시켰다.	자긍심	자긍심을 느끼기도 하며 자신을 존중해야 할 필요가 있다.	자긍심
희	이 작품에는 인간의 희노애락이 모두 담겨져 있다.	희노애락	고대하던 기쁜 소식에 희희낙락하였다. 	희희낙락	한편으로는 기쁘고, 한편으로는 슬픔 일의일비의 마음이었다.	일희일비	희희낙낙하며 여유를 즐기는 모습을 동경하지 않는 현대인은 없을 것이다.	희희낙낙	인간의 희노애락을 모두 표현했다며 극찬을 받았다.	희노애락	그녀는 일희일비하는 자신의 모습을 때론 약점으로 여겼다. 	일희일비
경멸하다	애국심이라고는 없이 나라를 팔아넘긴 정치가들을 경멸하였다. 	경멸하였다	그의 등장에 경멸하는 눈초리가 한 곳으로 향했다. 	경멸하는	갑작스러운 방문객을 경멸에 찬 눈초리로 대했다. 	경멸	경멸스러운 상황 속에서 서로의 탓을 하며 감정의 골은 깊어만 갔다.	경멸스러운	경멸스럽게도 혈연이라는 것은 핸드폰 번호를 바꾼다고 해서 끊기는 것이 아니었다.	경멸스럽게도	책임감 없는 지도자의 모습에 경멸하며 떠난 직원이 한 두명이 아니었다.	경멸하며
모멸	내심 일말의 노력조차 하지 않는 이들을 모멸하였다.	모멸하였다	망국의 기사들을 모멸하는 눈초리로 바라보았다.	모멸하는	그녀는 모멸에 찬 말을 듣고 이성의 끈을 놓았다. 	모멸	생전 겪어보지 못한 모멸감이 나를 덮쳤다.	모멸감	온갖 책임은 나에게 떠넘기며 모멸감을 주었다.	모멸감	집단의 일원인 것이 부끄러워 질 정도의 모멸감이었다.	모멸감
배신감	그녀는 배신감을 느끼며 소리를 질렀다. 	배신감	적들에게 장군의 약점을 일러 준 기사에게 큰 배신감을 느꼈다.	배신감	사전에 합의하지 않았던 상황에 깊은 배신감을 느꼈다.	배신감	처음부터 배려해 준 건 나였는데 상대방은 그것조차 모르고 제멋대로 구니 큰 배신감이 들었다.	배신감	배신감은 나 혼자 갈무리해야 하는 감정이 아니다. 	배신감	누군가 관계에서 배신감을 느꼈다면 양 쪽의 이야기를 모두 들어보아야 한다.	배신감
울화통	옆에서 평화롭게 잠을 청하는 모습에 울화통이 터졌다.	울화통	아무것도 모르겠다는 듯이 구는 태도를 보면 울화통이 안 터질 도리가 없었다.	울화통	울화통이 터져 견딜 수 없었다.	울화통	울화통이 터지는 상황에 처하니 되려 마음이 차분해졌다.	울화통	울화통이 터지는 상황에서 인내심이라고는 존재할 리 없었다.	울화통	답답하기도 하고 막막한 상황 속에서 상사는 울화통에 빠졌다. 	울화통
원한	그녀는 몹시 공명정대하여 원한을 살 만한 사람이 아니었다. 	원한	대대로 내려온 깊은 원한은 커져만 갔다. 	원한	무슨 원한이 있어 그러는지는 몰라도	원한	무슨 원한이 있는지 끈질기게 나를 쫓아왔다.	원한	지적해도 바뀌지 않는 상황에 지쳐 그토록 원한을 갖던 상대가 앞에서 떠들어대도 아무런 감흥이 없었다.	원한	원한의 대상이 앞에 있다면 찢어발겨 죽였을 기색이었다.	원한
치떨리다	그떄를 생각하면 지금도 치가 떨린다.	치가 떨린다	계획대로 이행하기는커녕 죄다 망쳐버리고 있으니 치가 떨릴 노릇이었다. 	치가 떨릴	가슴이 서늘하고 치가 떨려서 가만히 있을 수 없었다.	치가 떨려서	고민할 충분한 시간조차 주지 않고 그저 좋은 게 좋은 거라며 자신을 배제하고 진행되었으니 이 또한 치가 떨리는 일이었다. 	치가 떨리는	가만히 생각해보니 치가 떨려 더 이상 남아있을 이유가 없다고 판단했다.	치가 떨려	조언을 죄다 무시해놓고선 문제가 불거지자 책임지라며 찾아오는 꼴은 치가 떨렸다.	치가 떨렸다
치욕스럽다	이제는 이전에 뜻을 같이 했다는 사실조차 치욕스럽습니다. 	치욕스럽습니다	떠올리기조차 치욕스러운 일이었다.	치욕스러운	선심 쓰듯 썩은 빵을 던지던 모습이 치욕스럽게 떠올랐다.	치욕스럽게	그 치욕스러운 순간을 어떻게 넘길지를 상상하면 절로 웃음이 나왔다.	치욕스러운	패전국의 군주는 백성을 위해서라도 치욕스럽게 동의하는 수 밖에 없었다. 	치욕스럽게	그를 치욕스럽게 여기게 된 시점은 언제였는지 기억조차 나지 않을 정도로 오래되었다.	치욕스럽게
증오하다	부모의 원수를 깊이 증오했다.	증오했다	남의 시선을 의식하였는지 친근하게 말을 거는 모습조차 증오스러웠다. 	증오스러웠다	증오에 찬 눈이 희번덕했다. 	증오	그의 행적을 조사할 수록 그에 대한 증오는 커져만 갔다. 	증오	증오하는 집으로 왜 다시 돌아오게 되는지는 인생의 난제였다.	증오하는	자신을 증오하게 되면 남 탓으로 모든 걸 회피할 수 있으니 간편하죠.	증오하게
혐오하다	판사는 특히 약자만을 대상으로 범죄를 저지르는 범죄자들을 혐오했다.	혐오했다	처음의 혐오하던 모습은 온데간데 없고, 작별 인사를 나누는 모습이 희뭇했다.	혐오하던	부정부패에 대한 혐오감을 가지고 있었다.	혐오감	영특한 인재들은 하나같이 책임감 없는 지도자를 혐오했다. 	혐오했다	자신이 혐오하던 자의 모습을 닮아가고 있다는 것을 깨달았다.	혐오하던	종국에는 자신을 혐오하게 되었다고 털어놓았다.	혐오하게
환멸	사람들에게 환멸을 느껴 다시는 돌아오지 않겠다 다짐했다. 	환멸을 느껴	근거 없는 소문을 이리저리 퍼나르는 군중을 환멸을 느꼈다	환멸	문제의 인식조차 하지 못하는 상사에게 환멸을 느끼고 회사를 그만두었다. 	환멸	무례한 행동이 자신감인 줄 아는 사람들에게 큰 환멸을 느꼈다.	환멸	그는 온갖 모욕적인 말을 쏟아내며 우리 가족이 자신을 환멸하는 모습을 즐기는 사람이었다.	환멸하는	환멸감과 함께 구역질이 올라올 지경이었다.	환멸감
부럽다	거침없는 결단력이 부럽다.	부럽다	더 이상 부러울 것이 없었다.	부러울	흰 설탕이 잔뜩 올라간 빵을 먹는 소진이를 부럽게 쳐다보았다.	부럽게	그녀는 타인에 대한 부러움은 목표의식을 갖게 해 주는 좋은 계기라고 여겼다. 	부러움	어렸을 때 부러워하던 것들이 가슴에 남아 하나씩 모으기 시작했다. 	부러워하던	부러움을 느끼라는 듯 자신에 대한 자랑만을 연신 늘어놓았다.	부러움
애착	그 선생님은 학생들에 대한 애착이 강했다. 	애착	애착을 가졌던 물건을 버리는 것은 쉽지 않다. 	애착	이유없이 애착이 가는 물건이 있다.	애착	집에 대한 애착이 도무지 생기질 않으니 자꾸 밖으로 나돌았다.	애착	가족에 대한 애착은 그녀의 독립심을 저해시키는 요소였다.	애착	그가 삶에 있어 애착을 가지는 대상은 극소수였다. 	애착
짝사랑하다	버스에서 매번 마주치는 그 아이를 짝사랑했다.	짝사랑했다	짝사랑하는 사람이 눈 앞에 있으니 고개를 드는 것이 몹시 쑥스러웠다.	짝사랑하는	나의 첫사랑은 짝사랑으로 끝났다. 	짝사랑	짝사랑을 오래 품으면 이루어지기라도 할 줄 알았다.	짝사랑	지고지순한 짝사랑은 마침내 결실을 맺었다.	짝사랑	짝사랑만 하던 시절에서 끝내는 게 현명했을 지도 모른다고 울먹였다.	짝사랑
찡하다	돌아가신 할머니를 생각하면 가슴이 찡했다.	가슴이 찡했다	안타까운 사연을 듣고 있자니 코끝이 찡했다.	코끝이 찡했다	가슴 언저리에 찡하는 아픔이 머물렀다.	찡하는	가슴 한 구석이 찡했지만 태연하게 말을 이어갔다. 	찡했지만	사람들의 선의를 소식으로 접할 때 마다 마음이 찡하게 아려 왔다. 	찡하게	찡한 마음이 들었는지 눈가를 자꾸만 훔쳤다. 	찡한
황공하다	하해와 같은 은해가 몹시 황공하였다.	황공하였다	황공스러운지 허리를 깊이 숙였다.	황송스러운	황공하여 고개를 숙인 채 두 손을 올려 받았다. 	황공하여	공로를 인정받아 주어지는 관직이 황공하고 낯설어 미칠 노릇이었다. 	황공하고	황공하기만 했던 계약이 부당하게 작성된 것은 꿈에도 몰랐다.	황공하기만	황공한 마음으로 기사의 서약을 시작했다.	황공한
희비	밝게 웃는 모습에 희비가 교차했다.	희비가 교차했다	마지막 타종과 동시에 희비가 뒤엉키며 기운이 빠졌다.	희비가 뒤엉키며	희비가 엇갈리는 사이에서 나는 절망했다. 	희비	삶의 희비를 잘 그려내어 깊은 감동을 주었다.	희비	희비를 가감없이 표현하여 많은 사람들의 공감을 이끌어냈다. 	희비	희비가 뒤엉키는 상황에서는 우선순위를 세워서 생각하는 것이 좋다.	희비
맥빠지다	만반의 준비를 하였으나 부전승으로 올라가게 되어 맥빠졌다.	맥빠졌다	주요 세력이 없는 맥빠진 회의만이 이어졌다.	맥빠진	그의 한숨은 나를 맥빠지게 만들었다. 	맥빠지게	지지부진하게 이어지는 회의는 참석자들을 맥빠지게 만들었다.	맥빠지게	그의 지루한 연설은 학생들을 맥빠지게 했다.	맥빠지게	명확한 대처를 할 의지도 없으면서 의견만을 묻는 태도는 맥빠지게 느껴진다. 	맥빠지게
무감동하다	오랜만에 만났는데도 불구하고 타인을 보는 것 마냥 무감동했다.	무감동했다	와 줘서 고맙다며 무감동한 투로 말했다. 	무감동한	친구의 손편지도 무감동하게 받아들이는 모습이었다. 	무감동하게	그제서야 내 눈치를 보는 사람들의 태도는 그저 무감동할 뿐이었다. 	무감동할	그의 냉정한 태도는 나를 무감동하게 만들었다. 	무감동하게	싸늘하고 무감동한 표정으로 맡은 일을 마무리했다.	무감동한
무력감	첫 직장을 그만둔 후 나는 무력감에 빠졌다.	무력감에 빠졌다	승산조차 없어보이자 그 선수는 이전에 경험하지 못한 무력감을 맛보게 된다. 	무력감을 맛보게	무력감으로 힘들어하는 친구를 위해 함께 여행을 떠났다.	무력감	벽에 대고 말하는 느낌이 들어 무력감이 밀려왔다,	무력감	무력감에 휩싸일 때면 집을 박차고 나가 혼자만의 시간을 가졌다.	무력감	말이 통하지 않을 것 같은 상대를 마주하면 무력감이 들곤 했다.	무력감
무료하다	반복되는 하루들이 몹시 무료했다.	무료했다	무료한 일상이 지겨워지기 시작했다.	무료한	그 학생은 무료하게 의자에 앉아 발을 까닥이고 있었다. 	무료하게	텅 비어버린 하루는 그녀에게 무료하게 다가왔다.	무료하게	가만히 앉아 이야기만 듣고 있어도 무료할 정도였다. 	무료할	시간이 무료하게 흘러가기만 했다. 	무료하게
지루하다	그 강연은 너무 느리게 진행되어 지루했다.	지루했다	지루한 노을이 속좋게 나를 반겼다.	지루한	또 너냐는 듯 지루하게 쳐다보았다.	지루하게	지루하게 흘러가는 대화가 의미없다는 생각만 가득했다.	지루하게	상대방과 나누는 대화가 너무 지루해서 차라리 책이라도 읽고 싶은 심정이었다.	지루해서	지루하고 의미없는 말이 오고 갔다.	지루하고
감격하다	신입사원을 신경써주는 마음에 감격했다.	감격했다	예상치 못했던 깜짝 방문에 감격하는 눈치였다.	감격하는	당당히 새겨진 자신의 이름에 감격하여 한동안 말을 잃었다. 	감격하여	그녀의 연설은 대중들을 감격에 빠지게 했다.	감격	편지에 적힌 따뜻한 문구에 감격스러워 눈물이 흘렀다. 	감격스러워	도를 넘는 발언이 이어지자 그의 무지에 감격스러울 정도였다.	감격스러울
감탄하다	다른 사람들을 세심히 생각하는 배려의 깊이에 감탄했다. 	감탄했다	수상자는 감탄하는 사람들 사이로 걸어나왔다. 	감탄하는	빛나는 행보에 그저 감탄할 뿐이었다. 	감탄할	주최자는 감탄하는 사람들 사이에서 유유히 빠져나갔다. 	감탄하는	작품의 아름다움에 감탄을 금치 못했다. 	감탄	거대한 석상을 마주하면 누구나 절로 입이 벌어지고 감탄하게 되었다. 	감탄하게
들뜨다	2년만의 여행에 몹시 들떴다.	들떴다	들뜬 마음으로 준비물을 챙겼다.	들뜬	곧 만난다는 기쁨에 들떠 발걸음이 절로 빨라졌다. 	들떠	간만의 만남에 들떠 술을 과하게 마셨다.	들떠	처음 떠나는 기차 여행에 들뜨는 마음가짐을 안고 잠들었다.	들뜨는	목표로 하던 곳에서 일할 수 있어 몹시 들떴다.	들떴다
박진감	박진감 있는 경기에 눈을 뗄 수 없었다.	박진감	박진감 넘치는 장면을 위해 몇 번이고 촬영하였다.	박진감	소설의 유려한 필력과 박진감 있는 진행에 빠져들었다.	박진감	박진감 넘치는 경기를 보고 있으면 나도 덩달아 흥분하게 된다.	박진감	순위 발표의 순서가 되자 긴장감과 박진감이 감돌았다. 	박진감	박진감 있는 분위기를 조성하며 발표를 흥미롭게 이끌었다.	박진감
설레다	좋아하던 배우를 만날 생각에 벌써부터 마음에 설렌다. 	설렌다	설레는 마음을 숨기고 아무렇지 않은 듯 굴었다.	설레는	적당한 기다림은 우리를 설레게 했다.	설레게	스쳐지나가듯 나눈 인사 하나로 하루를 설레게 보낼 수 있었다. 	설레었다	설레는 감정도 잠시 준비해야 할 것들을 생각하면 막막했다.	설레는	주말에나 잠깐 만나는 상황이었지만 이틀의 시간은 주중 내리 설레게 만들었다. 	설레게
열애	학창시절에도 유명했던 커플은 오랜 열애 끝에 결혼했다. 	열애	남동생은 간만의 열애에 들떠 조언을 구하고자 나에게 제법 살갑게 굴었다. 	열애에 들떠	열애 사실이 드러났다. 	열애	워낙 좁은 학교였어서 그런지 그들의 열애가 화젯거리였다.	열애	커플 사진을 공개하며 화려하게 열애 소식을 알렸다. 	열애	열애뿐만 아니라 이별도 정성스럽게 대해야 한다.	열애
의기양양하다	그 사업가는 첫 사업이 성황리에 끝나 몹시 의기양양했다. 	의기양양했다	카메라를 향해 의기양양한 미소를 지어 보였다. 	의기양양한	가문의 자랑이라는 호칭과 함께 의기양양하게 집으로 돌아왔다. 	의기양양하게	팬들의 응원에 승리로 화답할 수 있어 기쁘다며 의기양양했다. 	의기양양했다	의기양양한 기색으로 책 한 권을 가지고선 떠났다.	의기양양한	의기양양하게 트로피를 높이 들어 보였다.	의기양양하게
자신만만하다	자신의 외모에 대해서 그는 항상 자신만만했다. 	자신만만했다	사격 총을 집어드는 그녀는 자신만만한 모습이었다.	자신만만한	자신만만하게 덤벼들었으나 무참히 패배하였다. 	자신만만하게	근거 없는 자신감으로 가득 차서는 자신만만하게 굴었다.	자신만만하게	정확한 상황도 파악하지 않았으면서 그저 자신만만했던 자신의 과거가 부끄럽게 느껴졌다.	자신만만했던	자신만만하게 떠났으나 줄줄이 실패를 겪고 떠도는 처지였다.	자신만만하게
흥미진진하다	그녀의 모험담은 정말 흥미진진했다.	흥미진진했다	흥미진진한 눈으로 신문을 읽어내렸다.	흥미진진한	그 싸움을 흥미진진하게 바라보았다.	흥미진진하게	처음 보는 소재에 흥미진진하게 소설에 빠져들었다.	흥미진진하게	흥미진진한 순간을 모아 영상으로 만드니 새롭게 느껴졌다.	흥미진진한	그녀의 흥미진진한 일생을 함께하는 느낌이 들어 좋았다.	흥미진진한
희열	그때 희열에 찬 그녀의 모습은 정말 빛났다.	희열에 찬	산 정상에 올랐을 때 짜릿한 희열을 맛보았다. 	희열을 맛보았다	새로운 지역에서의 새 출발이라니! 희열과 기대로 가슴이 벅찼다. 	희열	그녀의 연주를 들으며 인재를 발견했다는 희열을 느꼈다.	희열	도전을 시작할 때 마다 나는 큰 희열에 빠지곤 한다.	희열	그 순간의 희열에 취한 것만 같았다.	희열
갈등하다	윤리와 실질적인 이득 사이에서 갈등했다. 	갈등했다	집안일로 갈등하는 와중에도 서로를 걱정하였다. 	갈등하는	최근 우리 사이에 갈등이 잦은 건 너도 느끼고 있잖아.	갈등	내심 갈등하였으나 나의 선택은 이미 정해진 것이나 다름 없었다.	갈등하였으나	이번에야말로 진지하게 갈등하는 듯 싶더니 이내 다른 주제에 신이 나 이야기를 하기 시작했다. 	갈등하는	끊이지 않는 갈등이 반복되니 오래 볼 사람은 아니라고 생각했다.	갈등
노기	노인은 화가 나서 얼굴에 노기를 드러냈다. 	노기	선을 넘는 모욕적인 발언에 어머니는 노기를 터뜨리고 말았다. 	노기	노기를 띤 목소리로 나를 훈육하시곤 했다.	노기	그녀의 말투에서는 분명한 노기가 느껴졌다.	노기	준비한 말이 끝났을 때 심드렁한 상사의 태도에 노기를 느꼈다. 	노기	노기를 가라앉히기 위해서는 심호흡이 효과적이다.	노기
노심초사하다	행여나 여행이 취소될까 노심초사하였다.	노심초사하였다.	이번에는 또 무슨 사고를 쳤을까 노심초사하는 기색이었다. 	노심초사하는	시험 결과가 발표되기만을 노심초사하며 기다렸다.	노심초사하며	회사의 미래가 달린 선택을 앞두고 그녀는 노심초사했다.	노심초사했다	노심초사한 후에야 해결책의 실마리가 보이는 듯 했다. 	노심초사한	그녀는 발전기를 고치는 와중에도 노심초사하며 연신 주변을 살폈다. 	노심초사하며
기막히다	뻔뻔하게 유산을 요구하는 꼴이 기막혔다.	기막혔다	기막힌 일이라서 입이 절로 벌어졌다.	기막힌	제 말은 듣지도 않으면서 불만을 토해내니 기막힐 노릇이었다. 	기막힐	급히 이야기를 마무리 짓고 기억나지 않는다며 발뺌하는 모습이 기막혔다.	기막혔다	자신에게 온갖 책임을 떠넘기고 뻔뻔하게 구는 것이 기막힐 노릇이었다. 	기막힐	그 사업가의 모순적이고도 기막힌 행보를 응원할 이유는 없었다. 	기막힌
부아	내 상황을 알면서도 제 자랑을 끊임없이 하는 모습을 보니 부아가 났다. 	부아	옷을 찾느라 방을 엉망으로 만든 것을 보고 부아를 냈다. 	부아	의지는 고려되지 않은 채 휘둘리고 있다고 생각하니 부아가 끓었다. 	부아	끓어오르는 부아를 가라앉히기 위해 감정적인 문제는 뒤로 미뤄두었다.	부아	내 상황을 뻔히 알면서 앞에서 자랑을 하는 친구를 보니 부아가 났다.	부아	부아가 끓었다가도 금세 식으니 그 여파는 오직 나에게만 머물다 사라지곤 했다.	부아
불만	불만에 가득찬 표정으로 나에게 말을 걸었다.	불만	친구와 다툰 후 서운했다고 불만을 털어놓았다.	불만	결과에 대한 불만사항이 있으시다면 아래 번호로 연락 부탁드립니다. 	불만	지도자의 비효율적인 일 처리에 불만을 토로했다. 	불만	사소한 불만으로만 여기던 의견들이 어떠한 결과로 돌아올지 몰랐다. 	불만	제품 품질에 대한 불만은 일파만파로 퍼져 나갔다.	불만
불안하다	제대로 하는지 확신이 없어 몹시 불안했다.	불안했다	다리를 떨거나 손톱을 깨무는 등 몹시 불안한 모습이었다.	불안한	사다리가 불안하게 삐걱거렸다.	불안하게	불안한 모습을 누구에게도 보이고 싶어 하지 않았다. 	불안한	그녀는 강박에 가까운 일상을 불안하게 유지하고 있었다. 	불안하게	불안함을 벗으로 여긴 지는 꽤 되었다.	불안함
사무치다	다시는 만날 수 없다는 슬픔이 가슴에 사무쳤다.	사무쳤다	이따금 사무치는 그리움을 달래야만 했다.	사무치는	그녀는 그녀의 옛 연인을 사무치게 사랑했다. 	사무치게	사무치는 슬픔도 내일의 해를 뜨지 않게 할 수는 없었다.	사무치는	날씨가 화창할수록 그리움은 더욱 사무쳤다. 	사무쳤다	사무치는 마음은 함께할수록 위로가 되었다.	사무치는
무시무시하다	가짜인 걸 알고 있어도 그 모형은 정말 무시무시했다.	무시무시했다	주머니에서 무시무시한 칼을 꺼내 들었다. 	무시무시한	그녀의 으름장은 무시무시하게 들렸다. 	무시무시하게	무시무시할 정도로 사람이 가득한 공간이었다.	무시무시할	무시무시한 기색으로 다가와서는 짧게 인사를 건네고 쌩 가 버렸다.	무시무시한	사기를 높이기 위해 무시무시하게 생긴 투구를 쓰고 전쟁에 나갔다. 	무시무시하게
속타다	제 속도 모르고 헤헤 웃는 아이를 보면 속탔다.	속탔다	남은 속이 타는 줄 모르고 여유를 부리는 꼴이 거슬렸다. 	속이 타는	최종 발표가 연기되었다는 소식에 속이 타는 듯 했다.	속이 타는	자신의 순서가 다가올수록 바짝바짝 속이 탈 뿐이었다. 	속이 탈	대회는 가까워지는데 자신은 아직 모자란 것 같아 속이 탔다.	속이 탔다	타는 속을 아는지 모르는지 태연하게 친구와 전화를 하고 있었다. 	타는 속
수치	가문의 수치라는 말을 듣고 자랐다.	수치	멸시와 수치로 얼룩진 삶을 살았다. 	수치	실수는 곳 실책이 되었고, 이는 장군에게 있어 큰 수치였다.	수치	잊히지 않는 수치심을 안겨 준 상대에 대한 복수를 다짐했다.	수치심	부정으로 거머쥔 치욕스럽고 수치스러운 승리에도 기쁜 듯 환하게 웃었다. 	수치스러운	미처 대비하지 못했다는 생각에 스스로를 수치스럽게 여겼다.	수치스럽게
싫다	다른 친척과 비교되는 것이 정말 싫었다. 	싫었다	직원은 내가 실수로 흘린 음료를 싫은 기색 하나 없이 닦아 주었다. 	싫은	괘씸한 놈 이야기는 듣는 것 조차 싫으니 이쯤하도록 하자.	싫으니	동료와 비교당하는 와중에도 우위를 점해 내심 기뻐하는 스스로가 싫었다.	싫었다	각자의 것을 탐해야만 살아남을 수 있는 상황이 싫었다.	싫었다	불편한 옷을 입고 인형처럼 앉아있는 상황이 싫었다.	싫었다
아연실색하다	그의 무례한 언행에 사람들은 아연실색하였다.	아연실색하였다	아이가 숨을 몰아 쉬기 시작하자 아연실색한 엄마는 아이를 들고 뛰기 시작했다.	아연실색한	배신자의 존재에 아연실색하여 너나 할 것 없이 자신의 결백함을 주장하였다.	아연실색하여	그제서야 아연실색하는 꼴을 보니 속이 시원한 것 같았다. 	아연실색하는	예기치 않은 폭로에 아연실색한 듯 말이 없었다.	아연실색한	대부분의 사람들은 배우자의 폭력적인 과거에 아연실색하는 반응을 보인다. 	아연실색하는
안달하다	식탁을 두드리며 밥을 빨리 달라고 안달한다.	안달한다	콩고물이라도 떨어질까 안달하는 꼴이 우스웠다.	안달하는	저렇게 안달하니 부탁을 안 들어줄 수가 없었다.	안달하니	안달나는 시간은 답장이 오기 전까지 이어졌다. 	안달나는	승진 소식을 기다리며 안달하고 있었다. 	안달하고	안달하는 모습을 보니 도무지 외면할 수도 없었다.	안달하는
애타다	지난 날의 추억을 곱씹으며 애타는 마음을 달래었다. 	애타는	애타는 목소리로 정인을 불러 보았으나 공중에서 그저 흩어질 뿐이었다.	애타는	소식을 그저 애타게 기다릴 뿐이었다.	애타게	결과가 연기된다는 소식도 듣지 못한 채 애타게 기도하고 있었다.	애타게	애타는 마음을 애써 숨기며 밝은 모습으로 배웅했다.	애타는	고향을 애타게 그리워하는 마음은 항상 남아있다.	애타게
약오르다	쏙쏙 잘도 피하는 것이 몹시 약올랐다.	약올랐다	약오른 아이는 발을 구르며 걸었다.	약오른	자신이 더 작은 쿠키를 먹게 되자 약올라 뾰로통해 있었다.	약올라	약오르게 혀를 내밀고선 쌩 하고 가버렸다.	약오르게	잡힐 것 같다가도 잡히지 않으니 몹시 약올랐다.	약올랐다	약오르게 구는 모습조차 미워할 수 없었다.	약오르게
얄밉다	혀를 쏙 내밀고서는 쌩 가버리는 게 얄미웠다.	얄미웠다.	얄미운 동생에게 꿀밤을 한 대 먹였다.	얄미운	얼굴을 씰룩거리며 얄밉게 굴었다.	얄밉게	자신과 달리 여유를 부리는 친구들이 얄미웠다.	얄미웠다	얄밉고 괘씸한 짓을 골라하며 사건사고가 끊이질 않았다. 	얄밉고	얄밉게 적을 농락하는 경기를 보여주었다.	얄밉게
위압감	강경한 어조로 내뱉는 그녀의 모습은 위압감이 그득해보였다.	위압감	웅장한 건물은 위압감을 풍겼다. 	위압감	그녀의 시선에는 사람을 압도하는 날카로운 위압감이 서려있다.	위압감	나이를 먹어 물러났다고는 하나 특유의 위압감은 여전했다.	위압감	굳센 모습에 의지가 되기도 했지만 위압감을 주어 사람들을 곤혹스럽게 하곤 했다. 	위압감	자연스레 몸에 배인 위압감에 동물들은 도망가곤 했다.	위압감
자만심	그는 자만심에 차 있어 제대로 된 판단을 하지 못했다.	자만심	당장의 목표를 이루었다고 해서 자만심에 빠져 있는 것은 자신의 능력을 과소평가하는 것이다.	자만심	과한 자만심이 그의 패착 요인이었다.	자만심	운으로 맛본 첫 성공에 취해 자만심이 가득한 사람이 되었다.	자만심	자만심은 인간적인 성장을 막는 가장 큰 요소이다.	자만심	자만심으로 똘똘 뭉친 사람들을 상대하는 것은 버겁다.	자만심
한	가슴에 맺힌 한을 죄다 쏟아내었다. 	한	한 어린 목소리로 간절히 외쳤다. 	한	생전에 여행 한 번 데려가지 못했던 것이 한이 맺혔다. 	한	그 혼백은 갇혀 있던 세월에 한이 남아 온 세상을 여행하듯 떠돌아 다녔다. 	한	한 어린 목소리는 귓가에서 맴돌았다.	한	한이 맺혔는지 시간만 나면 여행을 떠나곤 했다.	한
기죽다	화려하게 차려입은 사람들 사이에서 기죽었다. 	기죽었다	선생님이 다그치자 그 학생은 기죽은 목소리로 대답했다.	기죽은	기죽지 말고, 네가 하려는 것을 해라.	기죽지	기죽어 있는 모습이 안타까워보였다.	기죽어	후임의 기죽은 등을 토닥거렸다. 	기죽은	기죽지 말라는 응원이 힘든 시간을 이겨낼 수 있도록 나를 지지해 주었다.	기죽지
소외감	적당한 소외감이 되려 도움이 될 때가 있다.	소외감	도시에서 온 전학생은 단체 활동에서 큰 소외감을 느꼈다. 	소외감	외부와의 교류가 없었기 때문에 줄곧 소외감에 시달렸다. 	소외감	새로운 사람이 소외감을 느끼지 않도록 각별하게 신경써 주었다.	소외감	소외감을 느끼는 것은 사회성이 떨어지는 일과는 별개였으니 힘들 땐 상담을 받는 것도 좋은 선택이다.	소외감	주변과의 교류가 없어 소외감을 느꼈다.	소외감
외롭다	항상 반겨주던 이가 없으니 외롭다.	외롭다	외로운 마음을 달랠 방법을 찾아내고 싶었다. 	외로운	불 꺼진 집에서 외롭게 밥을 먹었다. 	외롭게	외롭다는 감정을 담담하게 여길 수 있게 됐을 때 진정으로 어른이 되었구나 하고 느꼈다.	외롭다	외롭게 죽어갈 것이 두려워 어떻게든 발버둥쳤다.	외롭게	외로운 시간을 즐겁게 만들면 되는 것 아니냐며 능청스럽게 웃었다.	외로운
침울하다	최종 결과가 발표된 후 교실은 침울했다.	침울했다	손으로 얼굴을 가리고 침울한 목소리로 이야기를 시작했다.	침울한	열심히 준비한 시험에서 떨어지고 난 후 한동안 침울하게 지냈다. 	침울하게	침울한 표정의 친구를 끌어다가 앉혔다.	침울한	화창한 날씨는 나를 침울하게 만들곤 했다.	침울하게	힘든 환경이더라도 책임을 다하지 못한다는 생각을 하면 그저 침울했다.	침울했다
허망하다	전화번호를 지우기만 해도 끊기는 관계들이 허망했다.	허망했다	사람은 그저 행복하고 허망한 이야기에서 큰 위로를 얻기도 한다. 	허망한	그 헌신적이던 여성은 하고 싶은 것 하나도 해보지 못하고 허망하게 죽었다. 	허망하게	지도자의 가벼운 태도에 지금까지 고민하던 시간이 허망하게 느껴질 정도였다.	허망하게	지금까지 혼자 아등바등 노력했던 밤이 허망할 정도였다. 	허망할	허망한 마음을 갖게 되니 일이 도무지 손에 잡히지 않았다.	허망한
허무하다	2년간 준비했던 계획이 무산되어 너무 허무했다.	허무했다	집에 들어와서야 아쉽고 허무한 마음을 달랠 수 있었다. 	허무한	사람들은 서로를 비교하여 자신의 삶을 허무하게 만드는 데에 취미가 있는 듯 보였다.	허무하게	노력해도 바뀌지 않는 사람들의 태도가 허망했다.	허무했다	허무한 기분에 사로잡혀 그렇게 좋아하던 음식의 맛도 느껴지지 않았다.	허무한	허무하기만 한 자신을 아껴 주는 애인에 대한 근본적인 의문과 사랑이 남았다.	허무하기만
주눅들다	다른 사람들을 보면 항상 좋아 보여서 주눅들었다.	주눅들었다	많은 사람들 앞에 서자 주눅든 모습이었다.	주눅든	직원은 일을 시작한 지 얼마 안 되었는지 몹시 주눅들어 보였다. 	주눅들어	따끔한 지적에 주눅들어 고개를 들지 못했다.	주눅들어	수많은 질책을 받아 주눅들다가도 금세 회복하여 괜찮아지기도 했다.	주눅들다가도	구멍 난 운동화를 숨기며 주눅든 아이의 모습이 안쓰러웠다. 	주눅든
남부끄럽다	못난 배우자가 남부끄럽다.	남부끄럽다	남부끄러운 이야기를 큰 목소리로 떠들어댔다.	남부끄러운	남부끄럽게 무슨 짓이니?	남부끄럽게	정작 자신은 뻔뻔하게 서 있으니 내가 다 남부끄러워 쳐다볼 수 없었다. 	남부끄러워	어리석은 지난 날을 생각하면 남부끄럽고 회피하고만 싶다.	남부끄럽고	남부끄러운 실수를 통해서 발전하는 것이 자신의 미덕이라고 여겼다.	남부끄러운
낭패스럽다	갑작스러운 기차 지연 소식은 몹시 낭패스럽다.	낭패스럽다	낭패스러운 일을 연이어 당하자 자신감이 떨어졌다.	낭패스러운	반성하는 것 같다가도 낭패스럽게 웃으며 집으로 돌아오기 일쑤였다. 	낭패스럽게	낭패스럽게도 연회에 쓸 물건들이 죄다 불탔으니 화재는 누군가 사주한 듯 보였다. 	낭패스럽게도	정성껏 준비한 선물을 두고 오다니, 낭패스러운 일이었다. 	낭패스러운	그녀의 취향을 알아보지 않고 선물을 골랐던 것이 낭패였다.	낭패였다
근심걱정	온갖 근심 걱정이 나를 괴롭혔다.	근심 걱정	지금 이 순간만은 모든 근심 걱정을 내려놓고 차분히 생각해보세요.	근심 걱정	상담을 꾸준히 받으니 복잡한 감정도 많이 풀리고 근심 걱정을 다룰 방법을 배울 수 있었다.	근심 걱정	근심이 가득한 얼굴에는 햇빛 한 자락 닿지 않았다.	근심	먼 길을 떠난 정인에 대한 걱정으로 밤낮 할 것 없이 편지만을 읽곤 했다.	걱정	결과가 발표되기 전 까지 근심 걱정은 날이 갈 수록 커져만 갔다.	근심 걱정
불편하다	내 의사는 반영하지 않은 채 좋은 게 좋은 거라고 얼버무리는 상황이 불편했다.	불편했다	함께 있을 때 불편한 사람들과는 인연을 잇고 싶지 않다.	불편한	제 딴에는 호의랍시고 하는 행동들이 나를 더욱 불편하게 만들었다.	불편하게	가시가 숨겨진 말을 듣고 있자니 마음이 불편했다.	불편했다	불편한 대화를 나누는 와중에도 그녀는 자신의 사업에 대한 생각뿐이었다.	불편한	불편하게 느끼는 사람이 없었으면 좋겠다며 그녀는 축제 준비에 사활을 걸었다.	불편하게
비애	만학도의 하굣길에는 이유 모를 비애가 묻어났다.	비애	자신에게 우호적이기만 하던 세상에게서 버림받은 비애가 녹아든 작품이다. 	비애	불 꺼진 연습실에서 들려오는 노랫소리에는 연습생의 비애가 섞여있는 듯 했다.	비애	절절한 비애가 드러나는 구절이 특히 마음에 들었다. 	비애	주인공의 비애와 절망을 사실적으로 드러내 눈살을 찌푸리며 몰입했다.	비애	떠나간 이에 대한 사랑을 자각하는 비애를 담고 있다.	비애
민망하다	급히 온 기색이 역력해서 민망했다.	민망했다	민망한 속내를 미소로 감추는 데에 능했다.	민망한	민망하게 웃으며 변명하기 시작했다.	민망하게	그들의 무지는 내가 다 민망할 정도였다. 	민망할	숨겨오던 비밀이 드러난 듯 민망하다며 작게 웃었다. 	민망하다	민망한 상황을 현명하게 만회하는 그녀의 능청스러운 면이 좋았다.	민망한
서럽다	축하해주는 이 없는 생일은 매년 서럽다. 	서럽다	서러운지 닭똥같은 눈물을 뚝뚝 흘리면서 말했다.	서러운	내가 뭘 잘못했냐며 서럽게 울었다.	서럽게	손과 발이 되어 일했건만 비참한 최후를 맞는 것이 서러웠다.	서러웠다	친구 앞에서는 내색하지 않고 집으로 돌아와 홀로 서러운 마음을 달랬다. 	서러운	서럽게 울다가도 정신이 돌아오면 욕지거리를 내뱉었다.	서럽게
속상하다	깨끗했던 방이 어지럽혀진 것을 보고 속상했다.	속상했다	자신만 집에 남겨진 것이 속상한 모양이었다. 	속상한	초라한 밥상은 나를 더욱 속상하게 만들었다.	속상하게	온갖 사람들을 걱정하면서 정작 자신의 몸을 돌보지 않는 애인이 속상했다.	속상했다	속상한 마음을 달래기 위해 혼자만의 시간이 필요했다.	속상한	나를 속상하게 만드는 것도 그녀였지만, 행복하게 만드는 것도 그녀이기에 나는 도무지 떠날 수 없었다.	속상하게
시기하다	뭐든 쉬워보이는 동창을 시기했다. 	시기했다	축하하고 있었으나 내심 시기하는 마음을 갖고 있었다.	시기하는	타인의 행운을 시기해서는 안 된다.	시기해서	과정은 궁금해하지도 않으면서 결과만을 시기하는 사람들이 지겨웠다.	시기하는	축하를 건네면서도 나보다 빠른 성취를 보이는 친구를 시기했다.	시기했다	주변의 이들을 시기하느라 귀인들을 다 내쫓아버린 격이었다.	시기하느라
야속하다	즐거울 때만 빠르게 흐르는 시간이 야속했다.	야속했다	자신을 소외시키는 것 같아 야속한 마음이 들었다. 	야속한	친구는 간절한 내 마음을 아는지 모르는지 야속하게도 거절하였다. 	야속하게도	야속한 마음을 숨기려는 생각도 없는 듯 다음을 기약하는 편지를 건네었다. 	야속한	휴식 시간은 언제나 야속하게 흐른다.	야속하게	오랜시간 만나지 못해 야속한 마음조차 알아주질 않으니 속이 들끓었다. 	야속한
위화감	집과 어울리지 않는 그림은 위화감이 들었다.	위화감	명품을 과시하는 학생이 있어 위화감이 조성되고 있다. 	위화감	수도권과 비수도권 사이의 위화감을 없애는 데에 주력하겠다고 주장했다.	위화감	모든 상황이 짜여져 있고 내 선택마저 정해져 있는 것 같다는 위화감이 들었다.	위화감	사고 이후 다른사람이 된 것 같은 말투와 행동에서 위화감이 느껴지곤 했다.	위화감	시간을 건너뛴 듯 반복되는 일상에 위화감을 느끼기 시작했다.	위화감
의심	의심의 화살은 나에게로 향했다.	의심	의심이 많은 사람은 신중하지만 때론 답답해보이기도 한다.	의심	사기를 당한 후 의심이 많아졌다.	의심	금발이라는 증언에 모두들 의심스럽게 나를 바라보았다.	의심스럽게	서로를 향한 의심 속에서도 자신을 믿어주는 이가 있다는 건 큰 위로가 되었다. 	의심	의심스러운 눈초리가 여러 사람을 훑어보다가 이내 나에게로 향했다.	의심스러운
의혹	한 점의 의혹조차 남기고 싶어 하지 않았다.	의혹	그의 갑작스러운 승진에 비리가 있다는 의혹이 돌고 있다.	의혹	다급하게 상황을 마무리하는 선생님을 보고 의혹을 품었다.	의혹	조작된 증거라는 의혹에도 꿋꿋하게 허리를 펴고 재판에 임했다. 	의혹	다른 의혹이 피어나고 있는 줄은 꿈에도 상상하지 못했다.	의혹	안심하기에는 의혹이 소문처럼 돌았으니 해야 할 일은 명백했다.	의혹
전전긍긍	몸이 약한 아이를 돌보는 아버지는 항상 전전긍긍하였다.	전전긍긍하였다	마을에 도둑이 들었다는 소식에 마을 주민들은 모두 전전긍긍해 하는 모습이었다.	전전긍긍해	망국의 왕은 전전긍긍 목숨을 부지하며 후일을 도모했다. 	전전긍긍	전전긍긍하는 모습을 보니 퍽 즐거웠다. 	전전긍긍하는	혹여나 거사가 잘못될까 전전긍긍했다.	전전긍긍했다	전전긍긍하며 남은 시간을 자꾸만 쳐다보았다. 	전전긍긍하며
켕기다	켕기는 구석이 있는지 안절부절하였다.	켕기는	당장이라도 떠나고 싶은 마음이 굴뚝같았으나 켕기는 것이 있어 떠나지 못하는 상황이었다. 	켕기는	거짓말을 한 것이 켕겨서 마음이 불편했다.	켕겨서	온갖 증거를 들이밀자 켕기는 구석이 있는지 말을 더듬기 시작했다.	켕기는	소란스럽고 켕기는 마음을 애써 외면했다.	켕기는	대의를 위해서였다고는 하나 거짓을 고한 것이 켕겨 마음이 불편했다.	켕겨
토라지다	사소한 일에도 쉽게 토라졌다.	토라졌다	사탕 하나를 쥐어 주자 토라졌던 마음을 풀었다.	토라졌던	원하던 것과 달랐는지 토라져 있었다. 	토라져	토라져서 방에 들어가더니 방문까지 걸어잠그고선 나오지 않았다.	토라져서	자신의 편을 들어주지 않자 토라진 듯 홱 가버렸다. 	토라진 듯	선물을 받지 못한 게 서운한지 크게 토라졌다. 	토라졌다
회한	어리석었던 지난 날을 생각하면서 회한에 잠겼다.	회한	자신의 지난 선택에 대해 이야기할 때 깊은 회환이 묻어났다.	회한	회한이 서린 목소리로 호소했다.	회한	하늘에 구멍이 뚫린 듯 비가 내리면 그는 회한에 잠기곤 했다. 	회한	회한이 서린 목소리로 나에게는 그러지 말라고 말했다.	회한	미어지는 듯한 회한이 몰려와 눈앞이 흐려졌다.	회한
고민하다	시도라도 다시 해 볼 것인지, 이대로 포기할지를 고민하였다.	고민하였다	고민하는 와중에도 타자를 치는 손은 계속 움직이고 있었다.	고민하는	앞으로의 진로를 생각하며 깊은 고민에 빠졌다. 	고민	그녀는 밤낮으로 일생일대의 고민을 해결할 수 있는 방법을 모색했다. 	고민	심사숙고하며 고민하는 그녀를 창문을 통해 보곤 했다.	고민하는	중대한 고민에 빠져 어떠한 말도 들리지 않았다. 	고민
떨떠름하다	전 애인의 갑작스러운 연락에 그저 떨떠름했다.	떨떠름했다	떨떠름한 표정으로 책자를 받아들었다.	떨떠름한	합격 사실에 기쁘기보다는 떨떠름하게 느껴졌다. 	떨떠름하게	친구와의 약속으로 대신 앉아있게 되어 떨떠름한 눈치였다.	떨떠름한	떨떠름하게 승낙한 것을 이토록 잘 써먹을 줄은 예상하지 못했다.	떨떠름하게	가문의 인장이 박힌 손수건을 떨떠름하게 받았다. 	떨떠름하게
망연하다	온 재산을 잃고 난 후 모든 게 망연하였다.	망연하였다	망연스러운 패배감 속에서 절망하였다.	망연스러운	그저 망연하게 펼쳐진 바다가 나를 절망시켰다.	망연하게	열과 성을 다해 꾸민 장소가 철거된다는 소식에 그저 망연했다.	망연했다	그토록 바라던 것이 모두 허상이었다는 것을 알게 되어 망연한 모양이었다.	망연한	망연하게 바라보았으나 돌아오는 것은 없었다. 	망연하게
서운하다	자신의 몫을 남겨두지 않아 내심 서운했다.	서운했다	서운한 마음을 꺼내는 것은 용기있는 일이다.	서운한	머리로는 이해가 되었지만 서운하게 느껴졌다.	서운하게	자신을 바라보지 않는 부모가 서운했다.	서운했다	서운한 마음은 잘 알겠지만 그녀의 뒷감당을 하기에도 모자란 시간이었다.	서운한	서운한 시선이 온몸을 찔러 댔지만 나로서도 방도가 없었다.	서운한
시큰둥하다	야심차게 내놓은 기획이었건만 반응은 시큰둥했다.	시큰둥했다	시큰둥한 직원을 보니 나도 덩달아 기분이 상했다. 	시큰둥한	나와는 상관없다는 듯 시큰둥하게 흘겨보았다.	시큰둥하게	시큰둥한 그 표정에 되려 상처를 받곤 했으니 더는 시도하고 싶지 않았다.	시큰둥한	시큰둥하게 고개를 끄덕이며 손을 휘저었다.	시큰둥하게	내 말은 다 들은 후에 그래서 하고싶은 말이 뭐냐고 시큰둥하게 답했다.	시큰둥하게
심드렁하다	개선되지도 않고, 퇴보하지도 않은 채 그저 심드렁했다.	심드렁했다	먼저 제안했음에도 심드렁한 표정이었다. 	심드렁한	변화할 여지가 없다는 생각에 나도 모르게 심드렁하게 대하게 된다.	심드렁하게	심드렁한 태도에 나까지 진이 빠졌다.	심드렁한	심드렁하게 한숨을 내쉬더니 약속이 있다며 자리를 떴다.	심드렁하게	자신의 손을 떠난 일이라고 생각하는지 심드렁한 기색이었다.	심드렁한
씁쓸하다	충격적인 사실을 알고 보니 상황이 씁쓸했다.	씁쓸했다	매일 먹던 커피이건만 오늘따라 씁쓸한 맛이 나는 것 같았다. 	씁쓸한	나를 두고 떠나는 모습을 보니 씁쓸하기 짝이 없었다. 	씁쓸하기	그녀는 생전에 씁쓸한 커피의 향이 자신과도 같아 좋다고 말했다.	씁쓸한	자신의 패배를 씁쓸하게 받아들인 듯 고개를 푹 숙이고 있었다.	씁쓸하게	씁쓸한 맛이 느껴지기도 전에 재빠르게 삼켰다.	씁쓸한
아연하다	앞뒤가 맞지 않는 정책을 펼치는 정부를 보며 나는 아연하였다.	아연하였다	무차별한 살인사건에 우리는 아연할 수밖에 없었다. 	아연할	내가 떠난 고향의 발전은 아연하게 진행되어왔다.	아연하게	예상과는 다르다는 듯 입이 절로 벌어지며 아연한 표정을 지었다. 	아연한	계획했던 나조차 아연할 지경이었다.	아연할	갑작스러운 방문에 아연할 틈도 없이 어수선을 떨었다. 	아연할
식상하다	나름대로 꾸미려고 노력하였으나 객관적으로 보았을 때 식상했다.	식상했다	식상한 변명을 하려거든 다시 생각하고 오도록 해.	식상한	지키지도 않을 약속을 떠들어대는 꼴을 보니 식상하게 들렸다. 	식상하게	식상한 인사에 고개를 끄덕이며 입구로 들어섰다.	식상한	의도가 뻔히 보이는 질문이 식상하게 느껴질 정도였다.	식상하게	기대와 달리 연회장의 식기나 소품들은 식상하기 짝이 없었다.	식상하기
지겹다	감정 쓰레기통 취급을 받는 것도 이젠 지겹다. 	지겹다	신나기만 했던 여행도 지겨운 일상이 된 지 오래였다.	지겨운	새벽의 진솔한 대화도 지겹게 느껴졌다.	지겹게	불가능한 요구를 재차 해 대니 지겨울 지경이었다.	지겨울	지겨운 일상은 잃고 나서야 그 소중함을 알게 되었다.	지겨운	지겹게 들려오는 소음에도 익숙해졌다.	지겹게
처연하다	뺨에 스치는 강바람이 처연하다.	처연하다	처연한 바다만이 내 옆을 지켜주었다.	처연한	구름 한 점 없는 하늘에 달이 처연하도록 밝았다.	처연하도록	후회와 애정이 가득한 편지는 어딘가 처연하게 느껴졌다.	처연하게	그녀의 모습은 본성을 알고 있는 나에게도 처연할 정도였다. 	처연할	쏟아지는 비 사이에 처연하게 서 있는 나의 정인	처연하게
체념하다	아무리 노력해도 안 되는 일이 있다는 것을 체념했다.	체념했다	무리하며 계속하기보다는 일찍 체념하는 것이 낫다.	체념하는	수많은 불만사항들을 받아내며 체념의 경지에 이른 듯 했다.	체념	경제적인 한계로 미처 다뤄보지 못한 재료에 대한 체념조차 예술적으로 승화시켰다.	체념	현실에 체념한 사람들은 자신들의 어린 시절을 동경하곤 한다.	체념한	자아실현이라는 초심은 잊은 지 오래였고 체념한 모습으로 일상을 반복하곤 했다.	체념한
허탈하다	목에서 쇠 맛이 나도록 달렸는데 제 시간에 들어오지 못해 허탈하였다.	허탈하였다	서류 합격 결과를 본 후에 허탈한 마음으로 강의실에 앉아있었다. 	허탈한	내기에서 진 노름꾼들은 허탈하게 집으로 돌아갔다.	허탈하게	허탈한 마음을 달래는 방법은 각자 다르고 그것을 존중해주어야 한다.	허탈한	지금껏 노력한 결과가 무로 돌아가자 허탈함을 이기지 못해 일을 그만두는 직원도 있었다.	허탈함	오랜기간 준비하던 시험을 마치고 나오는 길에 느낀 허탈함의 여파는 거셌다. 	허탈함
허허롭다	짐을 다 뺀 후의 집은 허허롭다.	허허롭다	나를 반기는 것은 허허로운 들판이었다.	허허로운	당신께서는 가만히 나를 보다가 허허롭게 웃곤 하셨다. 	허허롭게	허허로운 웃음을 지으며 나를 사랑스럽게 바라보던 당신이 그립다. 	허허로운	허허롭게 펼쳐진 미래가 두렵기도 했지만 설레기도 했다.	허허롭게	또다시 사랑하는 사람을 떠나보내고 나니 허허로운 마음뿐이었다. 	허허로운
괴롭다	내가 해 줄 수 있는 게 아무것도 없을 때의 무력감은 괴롭다.	괴롭다	이전과 달리 글이 잘 안 쓰여서 괴롭다. 	괴롭다	괴롭게 숨을 거칠게 내쉬었다.	괴롭게	괴로운 소식을 전하는 전령의 표정도 좋지 않았다.	괴로운	계단에 숨어 괴롭게 흐느끼는 모습을 보니 마음이 쓰였다. 	괴롭게	홀로 남겨졌다는 괴로움을 이기지 못해 삶을 마감하려 했다고 답했다.	괴로움
근심하다	그렇게 헤어지고 다시는 못 볼까 매일을 근심했어	근심했어	근심하는 그녀에게 다가가 조용히 등을 토닥였다.	근심하는	근심이라고는 한 번도 겪어보지 않은 것 같은 삶을 살게 해 줄게.	근심	더해지기만 하는 근심에 질식할 것 같은 기분이 들었다.	근심	자신만 근심하고 애쓰는 것 같다는 느낌이 들어 외로웠다.	근심	온갖 근심이 몰려와도 낙심하지 않고 꿋꿋하게 도전을 이어갔다.	근심
망연자실하다	소매치기를 당한 그는 망연자실하였다.	망연자실하였다	친구가 망연자실한 모습을 바라보는 것은 힘든 일이다. 	망연자실한	그 선생은 학생들이 모두 떠나간 교실에 망연자실 서 있었다. 	망연자실	망연자실한 친구를 달래기 위해 좋아하는 음식을 죄다 포장해왔다.	망연자실한	망연자실하여 닫혀있는 문을 바라보기만 했다.	망연자실하여	자신에게 기회조차 주어지지 않았다는 사실에 망연자실했다.	망연자실했다
불행하다	방임하는 부모 아래에서 살아남은 어린시절은 불행했다.	불행했다	그 불행한 사건과 같은 일이 벌어지지 않도록 힘써야 한다.	불행한	어느 날 마을에 나타난 그는 몹시 불행하게 여겨졌다. 	불행하게	나는 마녀가 낳은 불행한 아이라는 말을 양분으로 삼아 성장했다. 	불행한	불행한 일이 연달아 일어나자 황실에서는 기도를 올리자는 의견이 분분했다.	불행한	검은 털을 가진 새의 존재를 불행하게 여기게 되었다. 	불행하게
서글프다	내 신세가 문득 서글펐다.	서글펐다	서글픈 마음을 품고 돌아섰다.	서글픈	야산에서 가끔 들려오는 새들의 울음소리는 서글프게 들린다.	서글프게	자신을 떠나가는 사람들에게 정을 떼지 못해 매번 서글프게 울었다.	서글프게	눈물이 맺힌 눈가는 서글프게 붉어 있었다.	서글프게	서글픈 마음을 달래줄 순 없겠지만 네가 괜찮아질 때 까지 함께 있을게.	서글픈
신물나다	진심이라고는 없는 의례적인 말을 건네는 관계속 나의 모습이 신물났다. 	신물났다	신물나는 연락들로 울리는 핸드폰을 뒤집어 놓았다.	신물나는	내 재산을 노리고 접근한 사람들은 신물나게 많았다.	신물나게	익숙해졌다고 생각했지만 지긋지긋할 정도로 신물나는 상황에 목구멍이 따가웠다. 	신물나는	어렸을 때 부터 딱지가 앉고 신물이 날 정도로 많이 들은 말이었다. 	신물이 날	시골에서 자랐기에 풀 냄새는 신물나게 익숙했다.	신물나게
좌절하다	사고 이후 꿈을 이룰 수 없게 된 화가는 크게 좌절하였다. 	좌절하였다	친구는 좌절한 나에게 용기를 주었다.	좌절한	마음껏 도전하고 좌절하기에는 그 과정에서 소요되는 것들을 감당할 수 없는 상황이었다.	좌절	지시를 거부하면서까지 벌인 일이건만 결과는 좌절감을 안겨 줄 뿐이었다. 	좌절감	노력한 만큼 크게 좌절하는 과거의 자신이 안쓰럽게 느껴졌다. 	좌절하는	이전의 좌절은 뒤로 한 채 기분 전환을 위해 떠났다.	좌절
자괴	모든 걸 망쳤다는 자괴감이 나를 덥쳤다.	자괴감	하는 일마다 족족 실패하는 스스로에게 자괴가 느껴졌다.	자괴	노력해도 나아지지 않는 상황이 답답하여 자괴의 탄식을 삼켰다. 	자괴	자신의 능력이 모자란 게 아닐까 하는 의심이 시작되어 자괴감이 스멀스멀 자랐다.	자괴감	그녀의 충동적인 면모는 그녀 자신에게도 큰 자괴감을 주었다. 	자괴감	계획한 대로 실행하지 못했다는 생각에 자괴감이 몰려왔다.	자괴감
자책하다	집중이 되지 않았다고는 해도 	자책하였다	자책하는 나에게 그러지 말라고 말해주어서 정말 고마웠다.	자책하는	모든 게 나 때문이라는 자책감은 쉽게 떨치기 힘들다.	자책감	누가 너한테 이런 자책감을 안겨 주었는지 한탄스러울 지경이다.	자책감	기대했던 것 보다 싸늘한 반응에 팀장님은 자책하며 슬퍼했다.	자책하며	앞에서는 내색하지 않더니 속으로는 자책하고 있던 모양이었다.	자책하고
절망하다	아무도 자신을 바라지 않는다는 사실에 절망했다.	절망했다	소꿉친구가 절망하는 모습은 지켜보기 힘들었다. 	절망하는	준비하던 프로젝트가 무산되자 절망에 빠졌다. 	절망	시대를 아우르는 청년들의 절망감은 이전과는 결이 다른 것이었다.	절망감	절망하는 내색조차 없었기에 미처 신경써주지 못했다.	절망하는	자신도 모르는 사이에 꼭두각시가 되어 위험한 일에 가담했다는 사실에 절망했다.	절망했다
한스럽다	제 의지대로 따라주지 않는 몸이 한스럽다.	한스럽다	소중한 인연을 놓친 것이 한스러울 뿐이었다.	한스러울	어리석게도 힘들 때 곁에 있어주지 못한 것이 한스럽기만 했다. 	한스럽기만	원망의 대상은 이미 죽어 스러졌으니 한스럽기만 한 감정만이 남아있었다.	한스럽기만	한스러운 시간은 쏜살같이 흐르니 벌써 이별할 시간이었다.	한스러운	진작 알아보지 못한 것이 한스럽게 느껴질 정도였다. 	한스럽게
죄스럽다	도와주지 못한 것이 죄스러웠다.	죄스러웠다	다수를 살리기 위한 선택이었지만 사람들이 괴로워하는 모습을 보니 죄스러울 뿐이었다. 	죄스러울	이리 힘든 시기에 따뜻한 방에서 자고, 밥을 먹는 것이 죄스러워서 어떤 방식으로든 도움을 줄 수 있는 방법을 모색했다. 	죄스러워서	고개를 들 낯이 없다며 죄스러워했다.	죄스러워	죄스러워서 인사조차 하지 않고 떠났노라는 편지를 받았다.	죄스러워서	죄스러운 기색이었으나 그것까지 신경써야할 이유는 없었다.	죄스러운
죄의식	생존한 기사들은 세상을 떠난 동지들에게 죄의식을 갖고 있었다. 	죄의식	아무런 이유 없이 사람을 폭행하여 잔혹하게 죽인 살인자는 일말의 죄의식도 없어 보였다. 	죄의식	사람을 살리는 직업이기도 하지만, 때로는 죄의식을 느끼기도 했다. 	죄의식	죄의식이라고는 존재하지 않는 듯 또다시 범행을 저질렀다.	죄의식	죄의식조차 없어 잔혹한 범죄를 저지르던 살인자가 잡혔다는 소식에 나라가 떠들썩했다.	죄의식	교도소에서는 죄의식이라는 단어를 무엇보다도 중요하게 여겨 수감자들에게 교육을 제공한다.	죄의식
죄책감	어깨를 무겁게 짓누르는 죄책감이 버거웠다. 	죄책감	지난 날의 죄책감을 잊지 않되 멈추지 말고 나아가세요. 	죄책감	불의를 보고도 외면했다는 죄책감이 나를 괴롭혔다.	죄책감	그제서야 행동이 빨라지는 것을 보니 상황에 대한 죄책감이 있기는 한 모양이었다. 	죄책감	그녀에게는 자신을 거쳐간 환자들에 대한 죄책감과 책임감만 남았다. 	죄책감	죄책감으로 가득찬 그는 방에서 한 발자국도 나오지 않았다.	죄책감
지긋지긋하다	나도 모르는 새에 정해진 진로나 배우자 따위가 지긋지긋했다.	지긋지긋했다	홀가분한 마음으로 지긋지긋한 회사를 떠났다. 	지긋지긋한	내로라하는 사업가들을 지긋지긋하게 만났지만, 그 중에서도 가히 대단한 사람이었다. 	지긋지긋하게	지긋지긋하게 느껴지던 간섭은 모두 애정에서 비롯된 것이었다.	지긋지긋하게	지긋지긋한 장소였지만 막상 철거된다고 하니 신경이 쓰였다.	지긋지긋한	지긋지긋할 정도로 양산해내는 사람들의 욕심이 역겨울 지경이었다.	지긋지긋할
질리다	반복되는 일상에 몹시 질렸다.	질렸다	그녀는 유명인의 가십거리만이 오가는 대화에 질린 모양이었다. 	질린	대화를 회피하는 연인의 태도는 나를 질리게 한다. 	질리게	질리도록 들은 말들이 나를 옥죄어 왔다.	질리도록	질릴 만큼 똑같은 대답이 돌아오니 대화를 이어갈 의지조차 없어졌다.	질릴	질릴 정도로 들은 말들이 그리워지는 날이 올 줄은 몰랐다.	질릴
겁나다	방치되어 불조차 들어오지 않는 어두운 공간이 겁났다. 	겁났다	나를 어떻게 생각하는 지에 대한 대답이 겁나서 차마 물어보지 못했다.	겁나서	자신의 소중한 이를 지키기 위해서는 무엇도 겁나지 않았다. 	겁나지	그제서야 군중들이 겁나는 모양이었는지 지도자는 긴급 회의를 열었다.	겁나는	보복이 겁나 밖에 나갈 때는 꼭 모자를 쓰곤 했다.	겁나	전장이 익숙한 나조차도 겁날만큼 근엄한 기세를 풍기고 있었다. 	겁날만큼
격앙하다	황위의 후계자와 관련되어 각 계파의 주장이 거세지며 회의장의 분위기는 격앙되었다. 	격앙되었다	격앙된 어조로 소리를 빽 질렀다.	격앙된	격앙상태의 사람에게 다가가는 것은 위험하다.	격앙	자식들 앞에서 격앙된 모습을 보이기 싫어하셨다. 	격앙된	그의 행동은 나를 진정시키기커녕 되려 격앙시키고 말았다. 	격앙시키다	격앙하는 사람들의 질서는 칭찬받아야 하는 것이 아니라, 그조차 지켜야 하는 사회적 분위기를 지적해야 한다.	격앙하는
격하다	주취자들의 몸싸움이 매우 격했다. 	격했다	당분간 격한 움직임은 자제하세요.	격한	뻔뻔한 범죄자는 자신에게 내려진 판결을 격하게 부정했다. 	격하게	격하게 몸을 부딪히는 경기를 보면 저절로 걱정이 되었다.	격하게	이유는 알 수 없으나 이전부터 파란색에 격한 반응을 보이며 거부했다. 	격한	다른 사람들과 격하게 구는 동생이 이해가지 않았다.	격하게
노엽다	평화로운 풍경은 여유 없는 나를 비웃기라도 하듯 노엽다.	노엽다	어머니께서는 나의 희생에 노여운 얼굴이셨다. 	노여운	선생님은 학생의 반항이 그저 노엽지만은 않았다. 	노엽지	황제는 황태자가 반란을 꾀했다는 사실에 노엽게 호통을 쳤다. 	노엽게	노엽게 화를 내며 근신을 명하던 모습은 온데간데없고 고생했다며 환하게 맞아주었다. 	노엽게	노여울만큼 예의라고는 없는 행동에 화가 머리 끝까지 차올랐다.	노여울
기겁하다	허리를 숙여 절을 올리는 와중에 뱀이 기어오는 것을 보고 기겁했다. 	기겁했다	다른 사람이 있을 거라고 예측하지 못했는지 기겁한 모습이었다. 	기겁한	알 수 없는 소리에 기겁하여 뒤도 돌아보지 않고 달리기 시작했다. 	기겁하여	토악질이 나올 정도로 해괴한 모습에 기겁했다. 	기겁했다	기겁하는 눈초리는 곧 존경하는 눈빛으로 바뀔 것이기에 크게 신경쓰지 않았다.	기겁하는	그의 비열함에 기겁해 자신은 저러지 않겠다 다짐했다.	기겁해
기절초풍하다	태연하게 자리에서 일어나는 모습을 보고 기절초풍했다. 	기절초풍했다	그곳에 있던 모든 사람이 기절초풍할 만큼 충격적인 소식이었다. 	기절초풍할	자초지종을 듣기도 전에 기절초풍하여 자리에 주저앉았다. 	기절초풍하여	기절초풍하는 어머니에게 상황을 설명할 정도의 시간은 없었다. 	기절초풍하는	그제서야 팔을 걷히고 일을 시작하는데 정말 기절초풍할 노릇이었다. 	기절초풍할	그의 갑작스러운 등장에 기절초풍하여 말조차 나오지 않았다. 	기절초풍하여
뜨악하다	요즘 중학교 친구들과의 관계가 뜨악했다. 	뜨악했다	뜨악한 얼굴로 나를 바라보았다.	뜨악한	그 손님들은 식사가 끝난 후 지갑을 가지고 오지 않았다며 나를 뜨악하게 만들었다. 	뜨악하게	곰팡이가 핀 식재료로 가득찬 냉장고를 보자 뜨악했다.	뜨악했다	뜨악하는 마음을 애써 감추고 궁금한 점을 하나씩 물어보았다.	뜨악하는	뜨악하며 경악할 정도였다.	뜨악하며
두렵다	나는 내가 어쩌지 못하는 것이 두렵다. 그저 받아들여만 하는 것들이.	두렵다	두려울 것이 없다는 건 책임질 것이 아무것도 없을 때 뿐이다.	두려울	선생님의 엄포는 나를 두렵게 만들었다. 	두렵게	두려울 정도로 사랑하게 되는 일이 자신에게 일어날 줄 몰랐다.	두려울	그렇게나 두려워하던 무력감이 자신을 지배했다.	두려워하는	두려워하는 기색을 보이기 싫어하는 모습이 퍽 귀여웠다.	두려워하는
비분강개하다	백성을 고려하지 않는 독재적인 정치에 비분강개하였다.	비분강개하였다	그 취객은 돌연 비분강개하여 달려들었다. 	비분강개하여	가만히 잘 참는 듯 하더니 이내 비분강개를 터뜨렸다. 	비분강개	돌연 비분강개하며 주변사람들을 당황시키곤 했다.	비분강개	지식인은 머리에 들어선 것이 다들 없냐며 비분강개를 금하지 못했다. 	비분강개	비분강개에 그치기보다는 힘을 합쳐 문제를 타파해야 했다.	비분강개
무섭다	소중한 사람들이 사라지는 것이 무섭다.	무섭다	아직도 그저 무서울 뿐이야? 	무서울	미안해, 너를 무섭게 하려는 의도는 없었어. 	무섭게	어두운 방에서 번뜩이는 안광을 마주하면 온 몸에 소름이 돋고 무서웠다. 	무서울	무섭게 하려던 의도는 없었으나 사람들은 때론 지레 겁을 먹곤 했다.	무섭게	으르렁거리는 소리와 함께 이를 드러내며 무섭게 위협했다. 	무섭게
반항심	나를 너무 잘 아는 연인에게 괜히 반항심이 들기도 한다.	반항심	반항심은 사춘기 시절의 좋은 핑곗거리다.	반항심	타오르는 반항심 속에도 분명 사랑은 존재하니 자세히 봐야 합니다. 	반항심	분명 고마웠지만 괜한 반항심에 툴툴대며 짧게 대답했다. 	반항심	전학생은 학생들을 부당하게 규정하는 교칙에 대한 반항심을 드러냈다. 	반항심	단순한 반항심에서 비롯된 결심이 아니라 제 인생을 책임져야 할 것 같아서 내린 판단이에요.	반항심
발끈하다	제 속내를 들켜 발끈했다.	발끈했다	발끈한 사업가는 그 자리에서 협상 결렬을 선언했다.	발끈한	발끈하여 저지른 일의 뒷처리는 언제나 부하직원의 몫이었다.	발끈하여	자존심을 건드리는 발언해 발끈하여 계약을 성사하지 못한 적도 많았다.	발끈하여	부당한 일에 발끈하고 보는 성미로 인해 손해를 보기도 했다.	발끈하고	월권을 행사하는 시녀에게 발끈하여 소리를 바락바락 질렀다.	발끈하여
성내다	옆에서 부추기는 동생에게 와락 성냈다.	성냈다	나는 그녀가 성내는 모습을 처음 보았다.	성내는	화마와도 같은 불길은 옆 집까지 성내어 번져 나갔다.	성내어	악에 받쳐 성내는 모습이 안타까울 정도였다.	성내는	이따금씩 크게 성을 내며 자신의 방에 아무도 출입할 수 없도록 명했다. 	성을 내며	자신이 하고 싶지 않은 것을 지시할 때면 어린아이처럼 성난 모습을 보였다. 	성난
아찔하다	마주해야 한다는 것만으로도 이미 정신이 아찔했다. 	아찔했다	아찔한 절벽을 내려다보았다.	아찔한	오랜만에 올라오는 취기는 나를 아찔하게 만든다.	아찔하게	아찔한 마음을 다잡고 상황을 직면하려 애썼다.	아찔한	허술해보이는 철조망이 아찔하게 흔들렸다. 	아찔하게	눈앞이 아찔한 순간들이 여러 번 있었기에 어떠한 일에도 잘 놀라지 않게 되었다	아찔한
안달복달하다	나만 뒤처지는 것 같은 기분에 더욱 안달복달했다.	안달복달했다	지나치게 안달복달하는 과거의 자신이 안쓰러웠다.	안달복달하는	안달복달 사정하여도 어쩔 도리가 없었다. 	안달복달	안달복달하는 모습이 잘 어울린다며 모욕을 주곤 했다.	안달복달하는	인공지능이 발명되자 인류를 대체하면 어쩌냐며 안달복달하는 분야 또한 존재했다. 	안달복달하는	안달복달하며 분위기를 어수선하게 만들었다.	안달복달하며
울분	내내 참았던 울분을 터뜨렸다. 	울분	친구의 억울한 죽음을 밝혀내기도 쉽지 않다는 생각에 울분이 치밀었다. 	울분	새로운 환경에 적응하는 것이 도무지 어려웠는지 나를 붙잡고 울분을 토로했다. 	울분	이따금씩 울분을 터뜨리곤 하였는데, 그 때마다 나의 지시로 사용인들은 자리를 피해 있곤 했다. 	울분	쌓인 울분이 많다며 되려 화를 내기 시작했다.	울분	화마와도 같은 울분이 자신을 향하게 될까 두려움에 떨었다.	울분
통분	끓어오르는 통분을 참지 못하고 주먹을 휘둘렀다.	통분	뼈에 사무치는 통분을 절대 잊지 않으리라 다짐했다.	통분	통분을 어떻게 풀어야 할지 감조차 오질 않았다.	통분	통분을 다스리지 못해 이리저리 날뛰는 모습이 우스웠다.	통분	뼈에 사무친 통분을 반드시 갚아주겠다며 이를 갈았다.	통분	통분을 풀 방법을 도무지 모르겠다며 도움을 청해 왔다.	통분
질겁하다	아끼던 책이 물에 젖은 모습을 보고 질겁했다.	질겁했다	상처에서 쏟아져 나오는 피를 보고 질겁하여 비명을 질렀다. 	질겁하여	친구들이 모두 질겁해 놀랄만큼 내가 화내는 모습은 드물었다.	질겁해	복도에 있던 사람들이 질겁하여 자리를 피할 정도로 언성이 높아졌다.	질겁하여	벌레가 들끓는 환경에 질겁하여 마스크를 겹겹이 착용했다.	질겁하여	나의 행색에 질겁해 곧바로 시녀들을 불렀다.	질겁해
질투하다	나는 정인이 친절을 베푸는 모든 대상을 질투했다. 	질투했다	질투하는 아이의 모습이 퍽 귀여웠다.	질투하는	다른 사람의 꾸며진 모습을 일일히 질투할 필요는 없다. 	질투할	자신을 질투하는 사람들의 반응을 즐겼다.	질투하는	감히 질투하지도 못할 정도로 가히 엄청난 규모였다. 	질투하지도	친구의 성공을 질투해 벌인 우발적인 행위였다고 주장했다.	질투해
순정	시골에서 자란 사람들만의 정서와 순정이 부러웠다.	순정	그녀의 순정을 저버리게 되더라도 나는 그녀가 살아있으면 좋겠다. 	순정	애초의 순정을 더럽히는 음험한 기운이 방을 가득 채웠다. 	순정	그의 순정은 온 마을의 관심을 받았다. 	순정	땅 속에 묻어버린 타임캡슐처럼 순정이 오래오래 남아있길 바랐다.	순정	그녀의 순정은 곧 삶의 원동력이 되었다.	순정
온정	어려운 이웃에게 온정의 손길을 베풀어 주세요. 	온정	온정이 어린 위로에 나는 눈물을 쏟아냈다.	온정	온정과 배려가 묻어나는 행동에 나는 힘을 얻곤 한다.	온정	온정의 손길이 밀려들어와 상황은 이전보다 더욱 넉넉해졌다.	온정	사람은 결국 타인에게 온정을 베풀며 함께 살아가게 되어 있다.	온정	친구는 이렇게 온정이 어린 위로를 처음 받아본다며 그 자리에서 얼어붙었다. 	온정
정감	우리는 기억나지 않는 시절부터 정감을 나누며 성장했다. 	정감	정감가는 공간에 앉아있는 스스로가 마음에 들었다.	정감가는	정감이 넘치는 동네를 떠나고 싶지 않았다. 	정감	정감 어린 노랫자락에 저절로 발길이 멈추곤 했다.	정감	국적이 다른 내 친구는 서로 정감을 나누며 살아간다는 말을 이해하지 못한 듯 했다. 	정감	할머니는 추억이 영원하다고 했지만 우리 둘이 함께했던 정감이 넘치는 집은 이제 아무데도 없다. 	정감
홀가분하다	당연히 슬펐지만 또한 홀가분했다. 	홀가분했다	문자로 불합격 소식을 통보받았을 때 차라리 홀가분한 기분이었다. 	홀가분한	누구도 챙기지 않은 내 삶을 위해 나는 홀가분하게 떠날 자신이 있다.	홀가분하게	도서관에서 시간을 알차게 보낸 후에 홀가분하게 학교를 나섰다.	홀가분하게	따라오는 사람이 아무도 없는 곳으로 떠난다는 생각만 해도 마음이 홀가분했다.	홀가분했다	홀가분한 마음으로 기차에 올라 기분이 몹시 좋았다.	홀가분한
후련하다	고민이 해결되자 한결 후련했다.	후련했다	어쩔 도리가 없다는 것을 받아들이니 되려 후련한 기분이 들었다.	후련한	크게 소리치고 나니 속마음이 후련하게 가벼웠다.	후련하게	지저분하던 집을 깨끗하게 만드니 속도 후련했다.	후련했다	어둡기만 하던 얼굴이 후련해져서는 웃으며 나를 반겼다. 	후련해져서는	일을 마치고 돌아와 냉수 한 잔을 후련하게 마셨다.	후련하게
맘놓다	짧은 시간이라도 네가 맘놓고 있으면 좋겠어	맘놓고	맘놓고 지금을 즐기는 방법을 알려줄게	맘놓고	오늘은 휴가니까 맘놓고 원하는 대로 시간을 보낼 수 있다.	맘놓고	맘놓고 떠날 수 있게 웃는 모습으로 배웅해달라며 부탁했다.	맘놓고	맘놓으라며 나를 위로했지만 더욱 눈물이 날 뿐이었다.	맘놓으라며	맘놓게 해 주고 싶었는데 말주변이 없어 그게 잘 안된다며 되려 먼저 사과했다.	맘놓게
안도하다	빠트린 물건이 있는지 재차 확인한 후 안도했다.	안도했다	온갖 약속을 다 한 후에 그제서야 안도하는 모습에 마음이 욱씬거렸다.	안도하는	잃어버린 지갑을 찾은 후에야 안도의 한숨을 내쉬었다. 	안도	등을 몇 번 토닥이자 안도하며 잠에 빠져들었다. 	안도	안도하며 다리에 힘이 풀려 친구가 나를 부축해주었다. 	안도하며	그제서야 눈을 떠 나를 보고 안도하는 모습이었다.  	안도하는
안심	보호자가 동행한다는 사실에 안심했다.	안심했다	내가 옆에 있으니 안심하는 눈치였다.	안심하는	도무지 안심을 할 수 없었다. 	안심	옷장에 숨어있는 나를 발견하고서 안심하던 어머니의 얼굴이 아직도 선하다. 	안심하던	그녀의 상태가 안심하기에는 아직 이르다고 판단해 우리끼리의 비밀로 하기로 했다. 	안심하기에는	모든 것을 맡겨놓고 안심만 하는 것은 그녀의 성미에 맞지 않았다.	안심만
안정되다	새로운 황제가 즉위한 후 10년이 지나서야 황권이 안정되었다. 	안정되었다	안정된 생활을 유지하기 위헤서는 큰 노력이 뒤따른다.	안정된	경기를 멈추고 그제서야 안정을 되찾았다. 	안정	신약이 주입되자 이전과 비교했을 때 훨씬 안정된 모습이었다.	안정	그녀는 들뜬 모습으로 안정적인 직업을 갖게 되면 가장 먼저 너에게 알리고 싶었다고 말했다. 	안정적인	마음의 안정을 찾는다는 것은 그저 조용해지는 일일지도 모르겠습니다.	안정
태평스럽다	다음 암살의 대상은 분명 본인인 걸 앎에도 불구하고 그저 태평스러웠다.	태평스러웠다	언제나 태평스러운 그가 정신없이 뛰어다니는 모습이 이상하게 보였다.	태평스러운	잠시 숨을 들이마쉬더니 태평스럽게 웃었다. 	태평스럽게	태평스러운 태도에 오히려 안심이 되는 것이었다.	태평스러운	그는 자신에게 중요한 일이어도 어떻게 되든 상관없다는 듯 태평스럽게 굴곤 했다. 	태평스럽게	태평하게 누워만 있는 모습이 눈엣가시였다.	태평하게
향수	멍해지는 시간이 길어졌다. 고향을 그리워하는 향수의 시작이었다. 	향수	향수 어린 사진을 조심히 꺼냈다.	향수	작은 요구르트 병으로 가득 찬 냉장고가 향수를 일깨웠다. 	향수	그녀와 함께하는 시간들은 지난 시절의 향수를 불러일으켰다.	향수	향으로라도 자신을 기억했으면 하는 바람이 담긴 향수를 건네었다.	향수	고향에 대한 향수는 심해져만 갔다.	향수
보람차다	소액이지만 꾸준히 기부를 이어오며 마음이 뿌듯하고 보람찼다.	보람찼다	내가 가진 재능으로 다른 사람을 도울 수 있다는 것은 보람찬 일이다.	보람찬	하루하루를 보람차게 보내다 보면 성장은 이미 나를 따라오고 있다. 	보람차게	하루를 보람차게 보낸 날에는 쓰러지듯 잠들곤 한다.	보람차게	안식년을 보람차게 보내기 위해 건강히 먹고 충분히 휴식하기로 결심했다.	보람차게	보람찬 경험을 할 수 있게 해 주어 고맙다며 감사의 인사를 전했다.	보람찬
뿌듯하다	내가 도움이 되었다는 사실이 뿌듯했다.	뿌듯했다	뿌듯한 하루를 보내면 숙면에 도움이 된다.	뿌듯한	몹시 뿌듯해하며 손을 흔들어주었다. 	뿌듯	뿌듯한 모습으로 선물을 건네는 모습이 무척 기특했다.	뿌듯한	새로운 분야를 배우고 직장까지 얻게 되어 스스로에게 큰 뿌듯함을 느꼈다.	뿌듯함	다행스럽게도 일정이 맞아 뿌듯하게 마무리할 수 있었다. 	뿌듯하게
사랑스럽다	끊임없이 나를 아껴주는 모습이 사랑스럽다.	사랑스럽다	사랑스러운 사람을 사랑하지 않을 수 없었다.	사랑스러운	고개를 들어 나를 보고선 사랑스럽게 웃었다. 	사랑스럽게	자신에게 시간을 아낌없이 할애해 주는 단 한 사람을 사랑스럽게 쳐다보았다. 	사랑스럽게	자신에게 맹목적일 정도로 빠져있는 사랑스러운 존재를 마다할 사람이 있을까?	사랑스러운	자신의 감정에 솔직하게 구는 모습이 사랑스러웠다.	사랑스러웠다
재미있다	혼자만의 시간을 보내며 나에 대해 알아가는 것은 재미있다.	재미있다	재미있는 시간을 보내고 난 후의 공허함이 두렵곤 했다.	재미있는	반복되는 일상을 재미있게 풀어내는 그녀의 능력은 가히 놀랍다.	재미있게	자신의 손을 떠났으니 이젠 하나의 재미있는 구경거리일 뿐이었다.	재미있는	존재하는 것만으로도 내 일상을 재미있게 만들어 준다. 	재미있게	이 사람과 있으면 인생이 좀 더 재미있게 흘러갈 거라는 확신이 있었습니다.	재미있게
행복하다	나를 아껴주는 사람과 함께 있으면 행복하다.	행복하다	행복한 하루되세요, 하는 인삿말 하나가 기분을 좋게 만들기도 한다. 	행복한	고난이 있을지언정 행복하게 살겠다고 맹세했다.	행복하게	모르는 사람이었던 우리가 지금 함께하는 순간이 행복했다.	행복했다	지금 충분히 행복하다며 감사하지만 제안을 거절하겠다는 답변이 돌아왔다.	행복하다며	할 수 있는 모든 노력을 다해서 그녀를 행복하게 해 주고 싶었다. 	행복하게
흥미롭다	그 팀의 마지막 경기이기에 더욱 흥미롭다.	흥미롭다	흥미로운 사실은, 예측되지 않을수록 기쁨도 커진다는 것이다.	흥미로운	청중 중 한 명이 나의 발표를 흥미롭게 들었다며 명함 하나를 받았다.	흥미롭게	이전에는 접해보지 않은 신박하고도 흥미로운 체험을 함께할 수 있어 기뻤다.	흥미로웠다	흥미로운 상황 속에서도 암울한 기분은 떨쳐지지 않았다.	흥미로운	상황이 흥미롭게 흘러간다며 강 건너 불구경을 하듯 키득거렸다.	흥미롭게
비련	비련으로 끝난 인연을 생각하며 슬픔에 빠졌다.	비련	비련의 주인공마냥 좌절하고 있기만 하면 되는 일은 없다.	비련	비련의 운명이 다가오고 있었다.	비련	비련의 주인공처럼 등장해서는 말 없이 방에 들어갔다.	비련	비련의 이별노래는 모두 내 이야기처럼 느껴졌다.	비련	비련의 운명을 타고나기라도 한 듯 불행한 일들이 연달아 일어나자 힘이 빠졌다.	비련
서먹하다	혈연이긴 하나 왕래가 없었기에 서먹했다.	서먹했다	많은 대화를 나눠보진 않아서 서먹한 사이였다.	서먹한	그 일이 있고 서로 서먹하게 지냈다. 	서먹하게	서먹한 대화가 의미없이 늘어졌다.	서먹한	이전보다 서먹해진 사이를 눈치챘는지 다른 사람들이 우리를 배려해주었다. 	서먹해진	서먹한 인사는 길게도 이어졌다.	서먹한
섭섭하다	말 한마디 해주지 않는 것이 못내 섭섭했다.	섭섭했다	아무리 기다려도 연락이 오지 않아 섭섭한 눈치였다.	섭섭한	너무 섭섭하게 생각하지 않았으면 좋겠어	섭섭하게	먼저 전화를 걸지도 않아 섭섭한 마음으로 수화기를 꺼내들었다. 	섭섭한	일방적으로 답변을 요구하기만 하는 태도가 섭섭하게 느껴졌다.	섭섭하게	이전과 달리 질문조차 하지 않는 상황이 섭섭할 정도였다. 	섭섭할
수심	작별인사를 하지 못한 것이 마음에 걸렸는지 수심에 찬 모습이었다. 	수심	어둠이 방 안을 가득 채우던 그 날 밤, 그녀는 그의 눈 속에 깊이 파묻혀 있는 수심을 발견했다.	수심	수심은 얼굴에 깊이 스며들어 주름이 되었다.	수심	깊은 수심에 빠져 있었기에 스스로를 돌볼 여유조차 없었다.	수심	수심에 차 있으면서도 티를 내지 않아 멀쩡하게만 보이니 속은 죄다 곪아 있는 것이다.	수심	수심에 찬 얼굴을 동이 틀 때까지 계속해서 매만졌다. 	수심
슬프다	경제적인 상황으로 인해 도전을 망설이게 되는 청춘은 슬프다.	슬프다	충분히 슬픈 일이니까 힘들어해도 된다는 위로에 감동받았다.	슬픈	먼 길 와줘서 고맙다며 슬프게 웃어보였다. 	슬프게	실패할 것을 예상하긴 했어도 실패하는 것은 여전히 슬펐다. 	슬펐다	서로의 방식을 강요하며 상처받는 슬픈 상황이었다.	슬픈	슬프게도 대부분의 사람들은 가장 아끼는 사람을 자신만의 방식으로 상처주곤 한다.	슬프게도
상심하다	2년을 준비한 시험에 낙방하여 크게 상심했다. 	상심했다	상심하는 마음을 조금이라도 달래주고 싶었다.	상심하는	믿었던 부하의 배신에 크게 상심하여 슬퍼했다.	상심	자신의 마음은 돌봐주지 않는다며 크게 상심하곤 했다. 	상심하곤	상심하는 그녀에게 어떠한 위로라도 건네어야 했다. 그게 무엇인지 정확히는 모르더라도.	상심하는	상심이 큰 듯 며칠 정도는 평소보다 차분한 모습을 보였다.	상심
실의	꼭두각시처럼 살아온 지난 삶을 돌아보며 실의에 잠겼다. 	실의	기대하며 나간 모습과는 달리 실의에 젖은 표정으로 돌아왔다. 	실의	실의를 잊은 듯한 동료의 모습이 실망스러웠다.	실의	기대하던 결과가 예상과 다르자 그녀는 실의가 넘쳐 흐를 정도였다.	실의	실의에 찬 날들은 하루를 버티는 것만으로도 버겁게 느껴진다. 	실의	갑작스러운 친구의 죽음에 그의 친구들은 큰 실의에 잠겨있었다.	실의
위축감	출근 첫 날은 언제나 위축감이 든다.	위축감	위축감 때문에 쉬이 행동하기 어렵다.	위축감	위축감 때문에 기죽은 신입사원이 안쓰러웠다.	위축감	알게 모르게 위축감을 안겨주는 친구와는 더이상 시간을 보내고 싶지 않았다.	위축감	가난한 집안에서 자랐기에 마음 한 켠에는 위축감이 자리잡고 있었다.	위축감	그는 악의적으로 상대방이 위축감을 느끼는 상황을 즐겼다.	위축감